max # buckets,actual # buckets,ground truth split strategy,overall err,weighted res. consumption,latency (cycles),LUTs (%),FFs (%),BRAM (%),DSPs (%),(bucket type : per bucket err)
1,1,depth-count,1.8171242289791676,0.009349123692272825,4,3.2596153846153846,1.2980769230769231,15.0,0.0,(<class '__main__.FineGrainedBucket'> : 1.8171242289791676) 
2,2,depth-count,1.4867904071251392,0.01869824738454565,8,6.519230769230769,2.5961538461538463,30.0,0.0,(<class '__main__.FineGrainedBucket'> : 0.7915763205540524) (<class '__main__.FineGrainedBucket'> : 1.609343135036316) 
3,3,depth-count,1.3183094691576562,0.0660928716526444,9,36.31730769230769,5.858173076923077,30.0,33.33333333333333,(<class '__main__.FineGrainedBucket'> : 0.6366744429981847) (<class '__main__.FineGrainedBucket'> : 0.34840798290184366) (<class '__main__.CoarseGrainedBloomBucket'> : 1.4722614352105183) 
4,4,depth-count,0.7779175914660713,0.7359629037927398,13,331.7932692307692,83.38701923076923,45.0,26.666666666666668,(<class '__main__.FineGrainedBucket'> : 0.5489157690192419) (<class '__main__.FineGrainedBucket'> : 0.0) (<class '__main__.FineGrainedBucket'> : 0.6511151540625866) (<class '__main__.CoarseGrainedCountingBloomBucket'> : 0.9730668718314469) 
5,5,depth-count,0.5884763774403197,0.7453120274850127,17,335.05288461538464,84.68509615384615,60.0,26.666666666666668,(<class '__main__.FineGrainedBucket'> : 0.48677750340794185) (<class '__main__.FineGrainedBucket'> : 0.0) (<class '__main__.FineGrainedBucket'> : 0.0) (<class '__main__.FineGrainedBucket'> : 0.5783254628052072) (<class '__main__.CoarseGrainedCountingBloomBucket'> : 0.6764200589640802) 
6,6,depth-count,0.5144024179389779,0.7546611511772856,21,338.3125,85.98317307692308,75.0,26.666666666666668,(<class '__main__.FineGrainedBucket'> : 0.45424415562981624) (<class '__main__.FineGrainedBucket'> : 0.0) (<class '__main__.FineGrainedBucket'> : 0.0) (<class '__main__.FineGrainedBucket'> : 0.2943466195847236) (<class '__main__.FineGrainedBucket'> : 0.5925648354999185) (<class '__main__.CoarseGrainedCountingBloomBucket'> : 0.5016541837540804) 
7,7,depth-count,0.46641189514996806,0.7640102748695584,25,341.5721153846154,87.28125,90.0,26.666666666666668,(<class '__main__.FineGrainedBucket'> : 0.25771754789073603) (<class '__main__.FineGrainedBucket'> : 0.0) (<class '__main__.FineGrainedBucket'> : 0.0) (<class '__main__.FineGrainedBucket'> : 0.0) (<class '__main__.FineGrainedBucket'> : 0.27105955515854463) (<class '__main__.FineGrainedBucket'> : 0.6193469663171921) (<class '__main__.CoarseGrainedCountingBloomBucket'> : 0.4035383990224168) 
8,8,depth-count,0.3635436648751303,1.4719258075854795,26,663.5865384615385,166.77403846153845,90.0,53.333333333333336,(<class '__main__.FineGrainedBucket'> : 0.2426471613149518) (<class '__main__.FineGrainedBucket'> : 0.0) (<class '__main__.FineGrainedBucket'> : 0.0) (<class '__main__.FineGrainedBucket'> : 0.0) (<class '__main__.FineGrainedBucket'> : 0.0) (<class '__main__.FineGrainedBucket'> : 0.4493347869275648) (<class '__main__.CoarseGrainedCountingBloomBucket'> : 0.5083571247579155) (<class '__main__.CoarseGrainedCountingBloomBucket'> : 0.328635660913479) 
9,9,depth-count,0.32101485756386594,0.782708522254104,33,348.09134615384613,89.87740384615385,120.0,26.666666666666668,(<class '__main__.FineGrainedBucket'> : 0.2307570630634722) (<class '__main__.FineGrainedBucket'> : 0.0) (<class '__main__.FineGrainedBucket'> : 0.0) (<class '__main__.FineGrainedBucket'> : 0.0) (<class '__main__.FineGrainedBucket'> : 0.0) (<class '__main__.FineGrainedBucket'> : 0.0) (<class '__main__.FineGrainedBucket'> : 0.4300800582506438) (<class '__main__.FineGrainedBucket'> : 0.0) (<class '__main__.CoarseGrainedCountingBloomBucket'> : 0.2744304992858488) 
10,10,depth-count,0.29848318203932944,0.7920576459463768,37,351.35096153846155,91.17548076923076,135.0,26.666666666666668,(<class '__main__.FineGrainedBucket'> : 0.22287034506499187) (<class '__main__.FineGrainedBucket'> : 0.0) (<class '__main__.FineGrainedBucket'> : 0.0) (<class '__main__.FineGrainedBucket'> : 0.0) (<class '__main__.FineGrainedBucket'> : 0.0) (<class '__main__.FineGrainedBucket'> : 0.0) (<class '__main__.FineGrainedBucket'> : 0.0) (<class '__main__.FineGrainedBucket'> : 0.40646380895270146) (<class '__main__.FineGrainedBucket'> : 0.0) (<class '__main__.CoarseGrainedCountingBloomBucket'> : 0.24074743360671322) 
11,11,depth-count,0.2382189330996977,0.8394522702144755,38,381.14903846153845,94.4375,135.0,60.0,(<class '__main__.FineGrainedBucket'> : 0.21525268464017747) (<class '__main__.FineGrainedBucket'> : 0.0) (<class '__main__.FineGrainedBucket'> : 0.0) (<class '__main__.FineGrainedBucket'> : 0.0) (<class '__main__.FineGrainedBucket'> : 0.0) (<class '__main__.FineGrainedBucket'> : 0.0) (<class '__main__.FineGrainedBucket'> : 0.0) (<class '__main__.FineGrainedBucket'> : 0.0) (<class '__main__.CoarseGrainedBloomBucket'> : 0.3056062975021202) (<class '__main__.FineGrainedBucket'> : 0.0) (<class '__main__.CoarseGrainedCountingBloomBucket'> : 0.21883586491613694) 
12,12,depth-count,0.25393719080002647,0.8107557527109737,45,357.8701923076923,93.77163461538461,143.0,26.666666666666668,(<class '__main__.FineGrainedBucket'> : 0.20477576230151567) (<class '__main__.FineGrainedBucket'> : 0.0) (<class '__main__.FineGrainedBucket'> : 0.0) (<class '__main__.FineGrainedBucket'> : 0.0) (<class '__main__.FineGrainedBucket'> : 0.0) (<class '__main__.FineGrainedBucket'> : 0.0) (<class '__main__.FineGrainedBucket'> : 0.0) (<class '__main__.FineGrainedBucket'> : 0.0) (<class '__main__.FineGrainedBucket'> : 0.3655992632395927) (<class '__main__.FineGrainedBucket'> : 0.0) (<class '__main__.FineGrainedBucket'> : 0.0) (<class '__main__.CoarseGrainedCountingBloomBucket'> : 0.18119017469284) 
13,13,depth-count,0.23801861901281904,0.858150306669098,46,387.6682692307692,97.03365384615384,132.0,60.0,(<class '__main__.FineGrainedBucket'> : 0.19700592062031932) (<class '__main__.FineGrainedBucket'> : 0.0) (<class '__main__.FineGrainedBucket'> : 0.0) (<class '__main__.FineGrainedBucket'> : 0.0) (<class '__main__.FineGrainedBucket'> : 0.0) (<class '__main__.FineGrainedBucket'> : 0.0) (<class '__main__.FineGrainedBucket'> : 0.0) (<class '__main__.FineGrainedBucket'> : 0.0) (<class '__main__.FineGrainedBucket'> : 0.0) (<class '__main__.CoarseGrainedBloomBucket'> : 0.3497003135519417) (<class '__main__.FineGrainedBucket'> : 0.0) (<class '__main__.FineGrainedBucket'> : 0.0) (<class '__main__.CoarseGrainedCountingBloomBucket'> : 0.15036662474407664) 
14,14,depth-count,0.2079548882949612,0.8674995006713452,50,390.92788461538464,98.33173076923077,158.0,60.0,(<class '__main__.FineGrainedBucket'> : 0.18970981766999187) (<class '__main__.FineGrainedBucket'> : 0.0) (<class '__main__.FineGrainedBucket'> : 0.0) (<class '__main__.FineGrainedBucket'> : 0.0) (<class '__main__.FineGrainedBucket'> : 0.0) (<class '__main__.FineGrainedBucket'> : 0.0) (<class '__main__.FineGrainedBucket'> : 0.0) (<class '__main__.FineGrainedBucket'> : 0.0) (<class '__main__.FineGrainedBucket'> : 0.0) (<class '__main__.FineGrainedBucket'> : 0.0) (<class '__main__.CoarseGrainedBloomBucket'> : 0.2969939206736944) (<class '__main__.FineGrainedBucket'> : 0.0) (<class '__main__.FineGrainedBucket'> : 0.0) (<class '__main__.CoarseGrainedCountingBloomBucket'> : 0.14277422782591367) 
15,15,depth-count,0.22529963282165813,0.8388030534778176,57,367.64903846153845,97.66586538461539,177.0,26.666666666666668,(<class '__main__.FineGrainedBucket'> : 0.1841432347970818) (<class '__main__.FineGrainedBucket'> : 0.0) (<class '__main__.FineGrainedBucket'> : 0.0) (<class '__main__.FineGrainedBucket'> : 0.0) (<class '__main__.FineGrainedBucket'> : 0.0) (<class '__main__.FineGrainedBucket'> : 0.0) (<class '__main__.FineGrainedBucket'> : 0.0) (<class '__main__.FineGrainedBucket'> : 0.0) (<class '__main__.FineGrainedBucket'> : 0.0) (<class '__main__.FineGrainedBucket'> : 0.0) (<class '__main__.FineGrainedBucket'> : 0.33124571783066964) (<class '__main__.FineGrainedBucket'> : 0.2612170520978729) (<class '__main__.FineGrainedBucket'> : 0.0) (<class '__main__.FineGrainedBucket'> : 0.0) (<class '__main__.CoarseGrainedCountingBloomBucket'> : 0.13826782714860303) 
16,16,depth-count,0.20685727270447274,0.8861976074359419,58,397.4471153846154,100.92788461538463,166.0,60.0,(<class '__main__.FineGrainedBucket'> : 0.17984310657303731) (<class '__main__.FineGrainedBucket'> : 0.0) (<class '__main__.FineGrainedBucket'> : 0.0) (<class '__main__.FineGrainedBucket'> : 0.0) (<class '__main__.FineGrainedBucket'> : 0.0) (<class '__main__.FineGrainedBucket'> : 0.0) (<class '__main__.FineGrainedBucket'> : 0.0) (<class '__main__.FineGrainedBucket'> : 0.0) (<class '__main__.FineGrainedBucket'> : 0.0) (<class '__main__.FineGrainedBucket'> : 0.0) (<class '__main__.FineGrainedBucket'> : 0.0) (<class '__main__.CoarseGrainedBloomBucket'> : 0.3130652219309212) (<class '__main__.FineGrainedBucket'> : 0.0) (<class '__main__.FineGrainedBucket'> : 0.0) (<class '__main__.FineGrainedBucket'> : 0.0) (<class '__main__.CoarseGrainedCountingBloomBucket'> : 0.11485181770661207) 
17,17,depth-count,0.17621507574987985,0.8955466608182402,62,400.7067307692307,102.22596153846153,170.0,60.0,(<class '__main__.FineGrainedBucket'> : 0.17576068886962004) (<class '__main__.FineGrainedBucket'> : 0.0) (<class '__main__.FineGrainedBucket'> : 0.0) (<class '__main__.FineGrainedBucket'> : 0.0) (<class '__main__.FineGrainedBucket'> : 0.0) (<class '__main__.FineGrainedBucket'> : 0.0) (<class '__main__.FineGrainedBucket'> : 0.0) (<class '__main__.FineGrainedBucket'> : 0.0) (<class '__main__.FineGrainedBucket'> : 0.0) (<class '__main__.FineGrainedBucket'> : 0.0) (<class '__main__.FineGrainedBucket'> : 0.0) (<class '__main__.FineGrainedBucket'> : 0.0) (<class '__main__.CoarseGrainedBloomBucket'> : 0.25432393188605407) (<class '__main__.FineGrainedBucket'> : 0.0) (<class '__main__.FineGrainedBucket'> : 0.0) (<class '__main__.FineGrainedBucket'> : 0.0) (<class '__main__.CoarseGrainedCountingBloomBucket'> : 0.11485181770661207) 
18,18,depth-count,0.1560382619937688,0.9048956438905642,66,403.9663461538462,103.52403846153845,163.0,60.0,(<class '__main__.FineGrainedBucket'> : 0.17107751066021018) (<class '__main__.FineGrainedBucket'> : 0.0) (<class '__main__.FineGrainedBucket'> : 0.0) (<class '__main__.FineGrainedBucket'> : 0.0) (<class '__main__.FineGrainedBucket'> : 0.0) (<class '__main__.FineGrainedBucket'> : 0.0) (<class '__main__.FineGrainedBucket'> : 0.0) (<class '__main__.FineGrainedBucket'> : 0.0) (<class '__main__.FineGrainedBucket'> : 0.0) (<class '__main__.FineGrainedBucket'> : 0.0) (<class '__main__.FineGrainedBucket'> : 0.0) (<class '__main__.FineGrainedBucket'> : 0.0) (<class '__main__.FineGrainedBucket'> : 0.0) (<class '__main__.CoarseGrainedBloomBucket'> : 0.2170428114870906) (<class '__main__.FineGrainedBucket'> : 0.0) (<class '__main__.FineGrainedBucket'> : 0.0) (<class '__main__.FineGrainedBucket'> : 0.0) (<class '__main__.CoarseGrainedCountingBloomBucket'> : 0.11341292277079697) 
19,19,depth-count,0.1745213145214558,0.9142447675828371,70,407.2259615384615,104.82211538461539,178.0,60.0,(<class '__main__.FineGrainedBucket'> : 0.16618886973609076) (<class '__main__.FineGrainedBucket'> : 0.0) (<class '__main__.FineGrainedBucket'> : 0.0) (<class '__main__.FineGrainedBucket'> : 0.0) (<class '__main__.FineGrainedBucket'> : 0.0) (<class '__main__.FineGrainedBucket'> : 0.0) (<class '__main__.FineGrainedBucket'> : 0.0) (<class '__main__.FineGrainedBucket'> : 0.0) (<class '__main__.FineGrainedBucket'> : 0.0) (<class '__main__.FineGrainedBucket'> : 0.0) (<class '__main__.FineGrainedBucket'> : 0.0) (<class '__main__.FineGrainedBucket'> : 0.0) (<class '__main__.FineGrainedBucket'> : 0.0) (<class '__main__.CoarseGrainedBloomBucket'> : 0.2622857962095597) (<class '__main__.FineGrainedBucket'> : 0.0) (<class '__main__.FineGrainedBucket'> : 0.0) (<class '__main__.FineGrainedBucket'> : 0.0) (<class '__main__.FineGrainedBucket'> : 0.0) (<class '__main__.CoarseGrainedCountingBloomBucket'> : 0.11013676966363177) 
20,20,depth-count,0.1700538946391205,0.9235938209651355,74,410.48557692307696,106.12019230769232,182.0,60.0,(<class '__main__.FineGrainedBucket'> : 0.16264539266584413) (<class '__main__.FineGrainedBucket'> : 0.0) (<class '__main__.FineGrainedBucket'> : 0.0) (<class '__main__.FineGrainedBucket'> : 0.0) (<class '__main__.FineGrainedBucket'> : 0.0) (<class '__main__.FineGrainedBucket'> : 0.0) (<class '__main__.FineGrainedBucket'> : 0.0) (<class '__main__.FineGrainedBucket'> : 0.0) (<class '__main__.FineGrainedBucket'> : 0.0) (<class '__main__.FineGrainedBucket'> : 0.0) (<class '__main__.FineGrainedBucket'> : 0.0) (<class '__main__.FineGrainedBucket'> : 0.0) (<class '__main__.FineGrainedBucket'> : 0.0) (<class '__main__.FineGrainedBucket'> : 0.0) (<class '__main__.CoarseGrainedBloomBucket'> : 0.25202024426508696) (<class '__main__.FineGrainedBucket'> : 0.0) (<class '__main__.FineGrainedBucket'> : 0.0) (<class '__main__.FineGrainedBucket'> : 0.0) (<class '__main__.FineGrainedBucket'> : 0.0) (<class '__main__.CoarseGrainedCountingBloomBucket'> : 0.10379928753409662) 
21,21,depth-count,0.1438940750890688,0.9329429446574086,78,413.74519230769226,107.41826923076923,197.0,60.0,(<class '__main__.FineGrainedBucket'> : 0.1588549978573593) (<class '__main__.FineGrainedBucket'> : 0.0) (<class '__main__.FineGrainedBucket'> : 0.0) (<class '__main__.FineGrainedBucket'> : 0.0) (<class '__main__.FineGrainedBucket'> : 0.0) (<class '__main__.FineGrainedBucket'> : 0.0) (<class '__main__.FineGrainedBucket'> : 0.0) (<class '__main__.FineGrainedBucket'> : 0.0) (<class '__main__.FineGrainedBucket'> : 0.0) (<class '__main__.FineGrainedBucket'> : 0.0) (<class '__main__.FineGrainedBucket'> : 0.0) (<class '__main__.FineGrainedBucket'> : 0.0) (<class '__main__.FineGrainedBucket'> : 0.0) (<class '__main__.FineGrainedBucket'> : 0.0) (<class '__main__.FineGrainedBucket'> : 0.0) (<class '__main__.CoarseGrainedBloomBucket'> : 0.2018407060417424) (<class '__main__.FineGrainedBucket'> : 0.0) (<class '__main__.FineGrainedBucket'> : 0.0) (<class '__main__.FineGrainedBucket'> : 0.0) (<class '__main__.FineGrainedBucket'> : 0.0) (<class '__main__.CoarseGrainedCountingBloomBucket'> : 0.10379928753409662) 
22,22,depth-count,0.12202712224504249,0.9422920683496813,82,417.00480769230774,108.71634615384616,212.0,60.0,(<class '__main__.FineGrainedBucket'> : 0.15624543560499263) (<class '__main__.FineGrainedBucket'> : 0.0) (<class '__main__.FineGrainedBucket'> : 0.0) (<class '__main__.FineGrainedBucket'> : 0.0) (<class '__main__.FineGrainedBucket'> : 0.0) (<class '__main__.FineGrainedBucket'> : 0.0) (<class '__main__.FineGrainedBucket'> : 0.0) (<class '__main__.FineGrainedBucket'> : 0.0) (<class '__main__.FineGrainedBucket'> : 0.0) (<class '__main__.FineGrainedBucket'> : 0.0) (<class '__main__.FineGrainedBucket'> : 0.0) (<class '__main__.FineGrainedBucket'> : 0.0) (<class '__main__.FineGrainedBucket'> : 0.0) (<class '__main__.FineGrainedBucket'> : 0.0) (<class '__main__.FineGrainedBucket'> : 0.0) (<class '__main__.FineGrainedBucket'> : 0.0) (<class '__main__.CoarseGrainedBloomBucket'> : 0.16496115822709617) (<class '__main__.FineGrainedBucket'> : 0.0) (<class '__main__.FineGrainedBucket'> : 0.0) (<class '__main__.FineGrainedBucket'> : 0.0) (<class '__main__.FineGrainedBucket'> : 0.0) (<class '__main__.CoarseGrainedCountingBloomBucket'> : 0.09149077525229615) 
23,23,depth-count,0.14570582981774152,0.9516410514220053,86,420.2644230769231,110.01442307692308,204.99999999999997,60.0,(<class '__main__.FineGrainedBucket'> : 0.15368385170808604) (<class '__main__.FineGrainedBucket'> : 0.0) (<class '__main__.FineGrainedBucket'> : 0.0) (<class '__main__.FineGrainedBucket'> : 0.0) (<class '__main__.FineGrainedBucket'> : 0.0) (<class '__main__.FineGrainedBucket'> : 0.0) (<class '__main__.FineGrainedBucket'> : 0.0) (<class '__main__.FineGrainedBucket'> : 0.0) (<class '__main__.FineGrainedBucket'> : 0.0) (<class '__main__.FineGrainedBucket'> : 0.0) (<class '__main__.FineGrainedBucket'> : 0.0) (<class '__main__.FineGrainedBucket'> : 0.0) (<class '__main__.FineGrainedBucket'> : 0.0) (<class '__main__.FineGrainedBucket'> : 0.0) (<class '__main__.FineGrainedBucket'> : 0.0) (<class '__main__.FineGrainedBucket'> : 0.0) (<class '__main__.CoarseGrainedBloomBucket'> : 0.2167633561402307) (<class '__main__.FineGrainedBucket'> : 0.0) (<class '__main__.FineGrainedBucket'> : 0.0) (<class '__main__.FineGrainedBucket'> : 0.0) (<class '__main__.FineGrainedBucket'> : 0.0) (<class '__main__.FineGrainedBucket'> : 0.0) (<class '__main__.CoarseGrainedCountingBloomBucket'> : 0.09006673284354927) 
24,24,depth-count,0.14107906308236126,0.960990175114278,90,423.5240384615385,111.31249999999999,220.00000000000003,60.0,(<class '__main__.FineGrainedBucket'> : 0.1517720864556249) (<class '__main__.FineGrainedBucket'> : 0.0) (<class '__main__.FineGrainedBucket'> : 0.0) (<class '__main__.FineGrainedBucket'> : 0.0) (<class '__main__.FineGrainedBucket'> : 0.0) (<class '__main__.FineGrainedBucket'> : 0.0) (<class '__main__.FineGrainedBucket'> : 0.0) (<class '__main__.FineGrainedBucket'> : 0.0) (<class '__main__.FineGrainedBucket'> : 0.0) (<class '__main__.FineGrainedBucket'> : 0.0) (<class '__main__.FineGrainedBucket'> : 0.0) (<class '__main__.FineGrainedBucket'> : 0.0) (<class '__main__.FineGrainedBucket'> : 0.0) (<class '__main__.FineGrainedBucket'> : 0.0) (<class '__main__.FineGrainedBucket'> : 0.0) (<class '__main__.FineGrainedBucket'> : 0.0) (<class '__main__.FineGrainedBucket'> : 0.0) (<class '__main__.CoarseGrainedBloomBucket'> : 0.20543017464876373) (<class '__main__.FineGrainedBucket'> : 0.0) (<class '__main__.FineGrainedBucket'> : 0.0) (<class '__main__.FineGrainedBucket'> : 0.0) (<class '__main__.FineGrainedBucket'> : 0.0) (<class '__main__.FineGrainedBucket'> : 0.0) (<class '__main__.CoarseGrainedCountingBloomBucket'> : 0.09149077525229615) 
25,25,depth-count,0.110855219699492,0.970339158186602,94,426.78365384615387,112.61057692307692,213.0,60.0,(<class '__main__.FineGrainedBucket'> : 0.14901300166056336) (<class '__main__.FineGrainedBucket'> : 0.0) (<class '__main__.FineGrainedBucket'> : 0.0) (<class '__main__.FineGrainedBucket'> : 0.0) (<class '__main__.FineGrainedBucket'> : 0.0) (<class '__main__.FineGrainedBucket'> : 0.0) (<class '__main__.FineGrainedBucket'> : 0.0) (<class '__main__.FineGrainedBucket'> : 0.0) (<class '__main__.FineGrainedBucket'> : 0.0) (<class '__main__.FineGrainedBucket'> : 0.0) (<class '__main__.FineGrainedBucket'> : 0.0) (<class '__main__.FineGrainedBucket'> : 0.0) (<class '__main__.FineGrainedBucket'> : 0.0) (<class '__main__.FineGrainedBucket'> : 0.0) (<class '__main__.FineGrainedBucket'> : 0.0) (<class '__main__.FineGrainedBucket'> : 0.0) (<class '__main__.FineGrainedBucket'> : 0.0) (<class '__main__.FineGrainedBucket'> : 0.0) (<class '__main__.CoarseGrainedBloomBucket'> : 0.15530429580455338) (<class '__main__.FineGrainedBucket'> : 0.0) (<class '__main__.FineGrainedBucket'> : 0.0) (<class '__main__.FineGrainedBucket'> : 0.0) (<class '__main__.FineGrainedBucket'> : 0.0) (<class '__main__.FineGrainedBucket'> : 0.0) (<class '__main__.CoarseGrainedCountingBloomBucket'> : 0.07114214835854818) 
26,26,depth-count,0.09984485938506628,0.9796881412589259,98,430.04326923076917,113.90865384615385,206.0,60.0,(<class '__main__.FineGrainedBucket'> : 0.14616284213486538) (<class '__main__.FineGrainedBucket'> : 0.0) (<class '__main__.FineGrainedBucket'> : 0.0) (<class '__main__.FineGrainedBucket'> : 0.0) (<class '__main__.FineGrainedBucket'> : 0.0) (<class '__main__.FineGrainedBucket'> : 0.0) (<class '__main__.FineGrainedBucket'> : 0.0) (<class '__main__.FineGrainedBucket'> : 0.0) (<class '__main__.FineGrainedBucket'> : 0.0) (<class '__main__.FineGrainedBucket'> : 0.0) (<class '__main__.FineGrainedBucket'> : 0.0) (<class '__main__.FineGrainedBucket'> : 0.0) (<class '__main__.FineGrainedBucket'> : 0.0) (<class '__main__.FineGrainedBucket'> : 0.0) (<class '__main__.FineGrainedBucket'> : 0.0) (<class '__main__.FineGrainedBucket'> : 0.0) (<class '__main__.FineGrainedBucket'> : 0.0) (<class '__main__.FineGrainedBucket'> : 0.0) (<class '__main__.FineGrainedBucket'> : 0.0) (<class '__main__.CoarseGrainedBloomBucket'> : 0.1306888840654128) (<class '__main__.FineGrainedBucket'> : 0.0) (<class '__main__.FineGrainedBucket'> : 0.0) (<class '__main__.FineGrainedBucket'> : 0.0) (<class '__main__.FineGrainedBucket'> : 0.0) (<class '__main__.FineGrainedBucket'> : 0.0) (<class '__main__.CoarseGrainedCountingBloomBucket'> : 0.07576609477540457) 
27,27,depth-count,0.12266508424622541,0.9890371946412242,102,433.30288461538464,115.20673076923076,210.0,60.0,(<class '__main__.FineGrainedBucket'> : 0.14311229853991916) (<class '__main__.FineGrainedBucket'> : 0.0) (<class '__main__.FineGrainedBucket'> : 0.0) (<class '__main__.FineGrainedBucket'> : 0.0) (<class '__main__.FineGrainedBucket'> : 0.0) (<class '__main__.FineGrainedBucket'> : 0.0) (<class '__main__.FineGrainedBucket'> : 0.0) (<class '__main__.FineGrainedBucket'> : 0.0) (<class '__main__.FineGrainedBucket'> : 0.0) (<class '__main__.FineGrainedBucket'> : 0.0) (<class '__main__.FineGrainedBucket'> : 0.0) (<class '__main__.FineGrainedBucket'> : 0.0) (<class '__main__.FineGrainedBucket'> : 0.0) (<class '__main__.FineGrainedBucket'> : 0.0) (<class '__main__.FineGrainedBucket'> : 0.0) (<class '__main__.FineGrainedBucket'> : 0.0) (<class '__main__.FineGrainedBucket'> : 0.0) (<class '__main__.FineGrainedBucket'> : 0.0) (<class '__main__.FineGrainedBucket'> : 0.0) (<class '__main__.CoarseGrainedBloomBucket'> : 0.18095372046443622) (<class '__main__.FineGrainedBucket'> : 0.0) (<class '__main__.FineGrainedBucket'> : 0.0) (<class '__main__.FineGrainedBucket'> : 0.0) (<class '__main__.FineGrainedBucket'> : 0.0) (<class '__main__.FineGrainedBucket'> : 0.0) (<class '__main__.FineGrainedBucket'> : 0.0) (<class '__main__.CoarseGrainedCountingBloomBucket'> : 0.07576609477540457) 
28,28,depth-count,0.11517174912024478,0.9983862480235226,106,436.56249999999994,116.5048076923077,214.0,60.0,(<class '__main__.FineGrainedBucket'> : 0.1417826025317896) (<class '__main__.FineGrainedBucket'> : 0.0) (<class '__main__.FineGrainedBucket'> : 0.0) (<class '__main__.FineGrainedBucket'> : 0.0) (<class '__main__.FineGrainedBucket'> : 0.0) (<class '__main__.FineGrainedBucket'> : 0.0) (<class '__main__.FineGrainedBucket'> : 0.0) (<class '__main__.FineGrainedBucket'> : 0.0) (<class '__main__.FineGrainedBucket'> : 0.0) (<class '__main__.FineGrainedBucket'> : 0.0) (<class '__main__.FineGrainedBucket'> : 0.0) (<class '__main__.FineGrainedBucket'> : 0.0) (<class '__main__.FineGrainedBucket'> : 0.0) (<class '__main__.FineGrainedBucket'> : 0.0) (<class '__main__.FineGrainedBucket'> : 0.0) (<class '__main__.FineGrainedBucket'> : 0.0) (<class '__main__.FineGrainedBucket'> : 0.0) (<class '__main__.FineGrainedBucket'> : 0.0) (<class '__main__.FineGrainedBucket'> : 0.0) (<class '__main__.FineGrainedBucket'> : 0.0) (<class '__main__.CoarseGrainedBloomBucket'> : 0.16859586464670911) (<class '__main__.FineGrainedBucket'> : 0.0) (<class '__main__.FineGrainedBucket'> : 0.0) (<class '__main__.FineGrainedBucket'> : 0.0) (<class '__main__.FineGrainedBucket'> : 0.0) (<class '__main__.FineGrainedBucket'> : 0.0) (<class '__main__.FineGrainedBucket'> : 0.0) (<class '__main__.CoarseGrainedCountingBloomBucket'> : 0.06759840399961566) 
29,29,depth-count,0.09855535649636997,1.007735301405821,110,439.8221153846154,117.80288461538461,218.00000000000003,60.0,(<class '__main__.FineGrainedBucket'> : 0.14022091720871394) (<class '__main__.FineGrainedBucket'> : 0.0) (<class '__main__.FineGrainedBucket'> : 0.0) (<class '__main__.FineGrainedBucket'> : 0.0) (<class '__main__.FineGrainedBucket'> : 0.0) (<class '__main__.FineGrainedBucket'> : 0.0) (<class '__main__.FineGrainedBucket'> : 0.0) (<class '__main__.FineGrainedBucket'> : 0.0) (<class '__main__.FineGrainedBucket'> : 0.0) (<class '__main__.FineGrainedBucket'> : 0.0) (<class '__main__.FineGrainedBucket'> : 0.0) (<class '__main__.FineGrainedBucket'> : 0.0) (<class '__main__.FineGrainedBucket'> : 0.0) (<class '__main__.FineGrainedBucket'> : 0.0) (<class '__main__.FineGrainedBucket'> : 0.0) (<class '__main__.FineGrainedBucket'> : 0.0) (<class '__main__.FineGrainedBucket'> : 0.0) (<class '__main__.FineGrainedBucket'> : 0.0) (<class '__main__.FineGrainedBucket'> : 0.0) (<class '__main__.FineGrainedBucket'> : 0.0) (<class '__main__.FineGrainedBucket'> : 0.0) (<class '__main__.CoarseGrainedBloomBucket'> : 0.13492223027356845) (<class '__main__.FineGrainedBucket'> : 0.0) (<class '__main__.FineGrainedBucket'> : 0.0) (<class '__main__.FineGrainedBucket'> : 0.0) (<class '__main__.FineGrainedBucket'> : 0.0) (<class '__main__.FineGrainedBucket'> : 0.0) (<class '__main__.FineGrainedBucket'> : 0.0) (<class '__main__.CoarseGrainedCountingBloomBucket'> : 0.06759840399961566) 
30,30,depth-count,0.08502057229069883,1.0170843547881194,114,443.0817307692307,119.10096153846155,222.00000000000003,60.0,(<class '__main__.FineGrainedBucket'> : 0.13823480466700602) (<class '__main__.FineGrainedBucket'> : 0.0) (<class '__main__.FineGrainedBucket'> : 0.0) (<class '__main__.FineGrainedBucket'> : 0.0) (<class '__main__.FineGrainedBucket'> : 0.0) (<class '__main__.FineGrainedBucket'> : 0.0) (<class '__main__.FineGrainedBucket'> : 0.0) (<class '__main__.FineGrainedBucket'> : 0.0) (<class '__main__.FineGrainedBucket'> : 0.0) (<class '__main__.FineGrainedBucket'> : 0.0) (<class '__main__.FineGrainedBucket'> : 0.0) (<class '__main__.FineGrainedBucket'> : 0.0) (<class '__main__.FineGrainedBucket'> : 0.0) (<class '__main__.FineGrainedBucket'> : 0.0) (<class '__main__.FineGrainedBucket'> : 0.0) (<class '__main__.FineGrainedBucket'> : 0.0) (<class '__main__.FineGrainedBucket'> : 0.0) (<class '__main__.FineGrainedBucket'> : 0.0) (<class '__main__.FineGrainedBucket'> : 0.0) (<class '__main__.FineGrainedBucket'> : 0.0) (<class '__main__.FineGrainedBucket'> : 0.0) (<class '__main__.FineGrainedBucket'> : 0.0) (<class '__main__.CoarseGrainedBloomBucket'> : 0.10618794092275458) (<class '__main__.FineGrainedBucket'> : 0.0) (<class '__main__.FineGrainedBucket'> : 0.0) (<class '__main__.FineGrainedBucket'> : 0.0) (<class '__main__.FineGrainedBucket'> : 0.0) (<class '__main__.FineGrainedBucket'> : 0.0) (<class '__main__.FineGrainedBucket'> : 0.0) (<class '__main__.CoarseGrainedCountingBloomBucket'> : 0.06759840399961566) 
31,31,depth-count,0.10302958032253809,1.0264333378604433,118,446.3413461538462,120.39903846153845,215.0,60.0,(<class '__main__.FineGrainedBucket'> : 0.13564404163521998) (<class '__main__.FineGrainedBucket'> : 0.0) (<class '__main__.FineGrainedBucket'> : 0.0) (<class '__main__.FineGrainedBucket'> : 0.0) (<class '__main__.FineGrainedBucket'> : 0.0) (<class '__main__.FineGrainedBucket'> : 0.0) (<class '__main__.FineGrainedBucket'> : 0.0) (<class '__main__.FineGrainedBucket'> : 0.0) (<class '__main__.FineGrainedBucket'> : 0.0) (<class '__main__.FineGrainedBucket'> : 0.0) (<class '__main__.FineGrainedBucket'> : 0.0) (<class '__main__.FineGrainedBucket'> : 0.0) (<class '__main__.FineGrainedBucket'> : 0.0) (<class '__main__.FineGrainedBucket'> : 0.0) (<class '__main__.FineGrainedBucket'> : 0.0) (<class '__main__.FineGrainedBucket'> : 0.0) (<class '__main__.FineGrainedBucket'> : 0.0) (<class '__main__.FineGrainedBucket'> : 0.0) (<class '__main__.FineGrainedBucket'> : 0.0) (<class '__main__.FineGrainedBucket'> : 0.0) (<class '__main__.FineGrainedBucket'> : 0.0) (<class '__main__.FineGrainedBucket'> : 0.0) (<class '__main__.CoarseGrainedBloomBucket'> : 0.14997563848356132) (<class '__main__.FineGrainedBucket'> : 0.0) (<class '__main__.FineGrainedBucket'> : 0.0) (<class '__main__.FineGrainedBucket'> : 0.0) (<class '__main__.FineGrainedBucket'> : 0.0) (<class '__main__.FineGrainedBucket'> : 0.0) (<class '__main__.FineGrainedBucket'> : 0.0) (<class '__main__.FineGrainedBucket'> : 0.0) (<class '__main__.CoarseGrainedCountingBloomBucket'> : 0.060067171455498954) 
32,32,depth-count,0.09547124364700753,1.0357823912427417,122,449.60096153846155,121.69711538461539,219.0,60.0,(<class '__main__.FineGrainedBucket'> : 0.13459609913110862) (<class '__main__.FineGrainedBucket'> : 0.0) (<class '__main__.FineGrainedBucket'> : 0.0) (<class '__main__.FineGrainedBucket'> : 0.0) (<class '__main__.FineGrainedBucket'> : 0.0) (<class '__main__.FineGrainedBucket'> : 0.0) (<class '__main__.FineGrainedBucket'> : 0.0) (<class '__main__.FineGrainedBucket'> : 0.0) (<class '__main__.FineGrainedBucket'> : 0.0) (<class '__main__.FineGrainedBucket'> : 0.0) (<class '__main__.FineGrainedBucket'> : 0.0) (<class '__main__.FineGrainedBucket'> : 0.0) (<class '__main__.FineGrainedBucket'> : 0.0) (<class '__main__.FineGrainedBucket'> : 0.0) (<class '__main__.FineGrainedBucket'> : 0.0) (<class '__main__.FineGrainedBucket'> : 0.0) (<class '__main__.FineGrainedBucket'> : 0.0) (<class '__main__.FineGrainedBucket'> : 0.0) (<class '__main__.FineGrainedBucket'> : 0.0) (<class '__main__.FineGrainedBucket'> : 0.0) (<class '__main__.FineGrainedBucket'> : 0.0) (<class '__main__.FineGrainedBucket'> : 0.0) (<class '__main__.FineGrainedBucket'> : 0.0) (<class '__main__.CoarseGrainedBloomBucket'> : 0.13532130530741673) (<class '__main__.FineGrainedBucket'> : 0.0) (<class '__main__.FineGrainedBucket'> : 0.0) (<class '__main__.FineGrainedBucket'> : 0.0) (<class '__main__.FineGrainedBucket'> : 0.0) (<class '__main__.FineGrainedBucket'> : 0.0) (<class '__main__.FineGrainedBucket'> : 0.0) (<class '__main__.FineGrainedBucket'> : 0.0) (<class '__main__.CoarseGrainedCountingBloomBucket'> : 0.05849295000738384) 
33,33,depth-count,0.08570633558806036,1.7056523530728631,126,745.0769230769231,199.22596153846155,223.0,53.333333333333336,(<class '__main__.FineGrainedBucket'> : 0.13289690445162541) (<class '__main__.FineGrainedBucket'> : 0.0) (<class '__main__.FineGrainedBucket'> : 0.0) (<class '__main__.FineGrainedBucket'> : 0.0) (<class '__main__.FineGrainedBucket'> : 0.0) (<class '__main__.FineGrainedBucket'> : 0.0) (<class '__main__.FineGrainedBucket'> : 0.0) (<class '__main__.FineGrainedBucket'> : 0.0) (<class '__main__.FineGrainedBucket'> : 0.0) (<class '__main__.FineGrainedBucket'> : 0.0) (<class '__main__.FineGrainedBucket'> : 0.0) (<class '__main__.FineGrainedBucket'> : 0.0) (<class '__main__.FineGrainedBucket'> : 0.0) (<class '__main__.FineGrainedBucket'> : 0.0) (<class '__main__.FineGrainedBucket'> : 0.0) (<class '__main__.FineGrainedBucket'> : 0.0) (<class '__main__.FineGrainedBucket'> : 0.0) (<class '__main__.FineGrainedBucket'> : 0.0) (<class '__main__.FineGrainedBucket'> : 0.0) (<class '__main__.FineGrainedBucket'> : 0.0) (<class '__main__.FineGrainedBucket'> : 0.0) (<class '__main__.FineGrainedBucket'> : 0.0) (<class '__main__.FineGrainedBucket'> : 0.0) (<class '__main__.FineGrainedBucket'> : 0.0) (<class '__main__.CoarseGrainedCountingBloomBucket'> : 0.11448637618014146) (<class '__main__.FineGrainedBucket'> : 0.0) (<class '__main__.FineGrainedBucket'> : 0.0) (<class '__main__.FineGrainedBucket'> : 0.0) (<class '__main__.FineGrainedBucket'> : 0.0) (<class '__main__.FineGrainedBucket'> : 0.0) (<class '__main__.FineGrainedBucket'> : 0.0) (<class '__main__.FineGrainedBucket'> : 0.0) (<class '__main__.CoarseGrainedCountingBloomBucket'> : 0.060067171455498954) 
1,1,depth-distinct,1.8171242289791676,0.009349123692272825,4,3.2596153846153846,1.2980769230769231,15.0,0.0,(<class '__main__.FineGrainedBucket'> : 1.8171242289791676) 
2,2,depth-distinct,1.5738923787991546,0.01869824738454565,8,6.519230769230769,2.5961538461538463,30.0,0.0,(<class '__main__.FineGrainedBucket'> : 0.7222017438324562) (<class '__main__.FineGrainedBucket'> : 1.7064317204829689) 
3,3,depth-distinct,1.4240021890643395,0.02804737107681848,12,9.778846153846153,3.894230769230769,45.0,0.0,(<class '__main__.FineGrainedBucket'> : 0.5676727863620304) (<class '__main__.FineGrainedBucket'> : 0.40044028631930756) (<class '__main__.FineGrainedBucket'> : 1.5724203465119528) 
4,4,depth-distinct,1.3676854511429157,0.0373964947690913,16,13.038461538461538,5.1923076923076925,60.0,0.0,(<class '__main__.FineGrainedBucket'> : 0.48358402999650585) (<class '__main__.FineGrainedBucket'> : 0.0) (<class '__main__.FineGrainedBucket'> : 0.3448923035387326) (<class '__main__.FineGrainedBucket'> : 1.5321047445263702) 
5,5,depth-distinct,1.3134852001397943,0.08479111903719005,17,42.83653846153846,8.454326923076923,60.0,33.33333333333333,(<class '__main__.FineGrainedBucket'> : 0.2672203906455192) (<class '__main__.FineGrainedBucket'> : 0.0) (<class '__main__.FineGrainedBucket'> : 0.0) (<class '__main__.FineGrainedBucket'> : 0.2981788960387327) (<class '__main__.CoarseGrainedBloomBucket'> : 1.4928664217857632) 
6,6,depth-distinct,1.262213707843718,0.7546611511772856,21,338.3125,85.98317307692308,75.0,26.666666666666668,(<class '__main__.FineGrainedBucket'> : 0.24660867380722684) (<class '__main__.FineGrainedBucket'> : 0.0) (<class '__main__.FineGrainedBucket'> : 0.0) (<class '__main__.FineGrainedBucket'> : 0.0) (<class '__main__.FineGrainedBucket'> : 0.0) (<class '__main__.CoarseGrainedCountingBloomBucket'> : 1.443352474929443) 
7,7,depth-distinct,1.1184513283128714,0.7640102748695584,25,341.5721153846154,87.28125,90.0,26.666666666666668,(<class '__main__.FineGrainedBucket'> : 0.23158037292142628) (<class '__main__.FineGrainedBucket'> : 0.0) (<class '__main__.FineGrainedBucket'> : 0.0) (<class '__main__.FineGrainedBucket'> : 0.0) (<class '__main__.FineGrainedBucket'> : 0.0) (<class '__main__.FineGrainedBucket'> : 0.0) (<class '__main__.CoarseGrainedCountingBloomBucket'> : 1.2841237377693195) 
8,8,depth-distinct,1.0187326802828964,0.7733593985618313,29,344.8317307692308,88.57932692307692,105.0,26.666666666666668,(<class '__main__.FineGrainedBucket'> : 0.2211629342323457) (<class '__main__.FineGrainedBucket'> : 0.0) (<class '__main__.FineGrainedBucket'> : 0.0) (<class '__main__.FineGrainedBucket'> : 0.0) (<class '__main__.FineGrainedBucket'> : 0.0) (<class '__main__.FineGrainedBucket'> : 0.0) (<class '__main__.FineGrainedBucket'> : 0.24859290194857828) (<class '__main__.CoarseGrainedCountingBloomBucket'> : 1.1761276874457327) 
9,9,depth-distinct,0.7530121490232049,0.782708522254104,33,348.09134615384613,89.87740384615385,120.0,26.666666666666668,(<class '__main__.FineGrainedBucket'> : 0.20944913721934996) (<class '__main__.FineGrainedBucket'> : 0.0) (<class '__main__.FineGrainedBucket'> : 0.0) (<class '__main__.FineGrainedBucket'> : 0.0) (<class '__main__.FineGrainedBucket'> : 0.0) (<class '__main__.FineGrainedBucket'> : 0.0) (<class '__main__.FineGrainedBucket'> : 0.0) (<class '__main__.FineGrainedBucket'> : 0.38783425307079944) (<class '__main__.CoarseGrainedCountingBloomBucket'> : 1.0912860838827254) 
10,10,depth-distinct,0.6833257404794929,0.7920575756364026,37,351.35096153846155,91.17548076923076,124.0,26.666666666666668,(<class '__main__.FineGrainedBucket'> : 0.1991637646301111) (<class '__main__.FineGrainedBucket'> : 0.0) (<class '__main__.FineGrainedBucket'> : 0.0) (<class '__main__.FineGrainedBucket'> : 0.0) (<class '__main__.FineGrainedBucket'> : 0.0) (<class '__main__.FineGrainedBucket'> : 0.0) (<class '__main__.FineGrainedBucket'> : 0.0) (<class '__main__.FineGrainedBucket'> : 0.0) (<class '__main__.FineGrainedBucket'> : 0.3647483828191815) (<class '__main__.CoarseGrainedCountingBloomBucket'> : 1.0020218654260726) 
11,11,depth-distinct,0.6236143932210625,0.8014066993286753,41,354.6105769230769,92.4735576923077,139.0,26.666666666666668,(<class '__main__.FineGrainedBucket'> : 0.1889822365046136) (<class '__main__.FineGrainedBucket'> : 0.0) (<class '__main__.FineGrainedBucket'> : 0.0) (<class '__main__.FineGrainedBucket'> : 0.0) (<class '__main__.FineGrainedBucket'> : 0.0) (<class '__main__.FineGrainedBucket'> : 0.0) (<class '__main__.FineGrainedBucket'> : 0.0) (<class '__main__.FineGrainedBucket'> : 0.0) (<class '__main__.FineGrainedBucket'> : 0.0) (<class '__main__.FineGrainedBucket'> : 0.3978060413334721) (<class '__main__.CoarseGrainedCountingBloomBucket'> : 0.9004220303920527) 
12,12,depth-distinct,0.5920942785704557,0.8488012532867996,42,384.4086538461538,95.73557692307692,128.0,60.0,(<class '__main__.FineGrainedBucket'> : 0.18153423265520033) (<class '__main__.FineGrainedBucket'> : 0.0) (<class '__main__.FineGrainedBucket'> : 0.0) (<class '__main__.FineGrainedBucket'> : 0.0) (<class '__main__.FineGrainedBucket'> : 0.0) (<class '__main__.FineGrainedBucket'> : 0.0) (<class '__main__.FineGrainedBucket'> : 0.0) (<class '__main__.FineGrainedBucket'> : 0.0) (<class '__main__.FineGrainedBucket'> : 0.0) (<class '__main__.FineGrainedBucket'> : 0.0) (<class '__main__.CoarseGrainedBloomBucket'> : 0.3776005381378605) (<class '__main__.CoarseGrainedCountingBloomBucket'> : 0.8587380357009512) 
13,13,depth-distinct,0.5397376183470388,0.8581503769790724,46,387.6682692307692,97.03365384615384,143.0,60.0,(<class '__main__.FineGrainedBucket'> : 0.17632907518705554) (<class '__main__.FineGrainedBucket'> : 0.0) (<class '__main__.FineGrainedBucket'> : 0.0) (<class '__main__.FineGrainedBucket'> : 0.0) (<class '__main__.FineGrainedBucket'> : 0.0) (<class '__main__.FineGrainedBucket'> : 0.0) (<class '__main__.FineGrainedBucket'> : 0.0) (<class '__main__.FineGrainedBucket'> : 0.0) (<class '__main__.FineGrainedBucket'> : 0.0) (<class '__main__.FineGrainedBucket'> : 0.0) (<class '__main__.FineGrainedBucket'> : 0.0) (<class '__main__.CoarseGrainedBloomBucket'> : 0.3570614001981317) (<class '__main__.CoarseGrainedCountingBloomBucket'> : 0.7825324785816754) 
14,14,depth-distinct,0.5082285850779005,0.8674994303613707,50,390.92788461538464,98.33173076923077,147.0,60.0,(<class '__main__.FineGrainedBucket'> : 0.17089539080801877) (<class '__main__.FineGrainedBucket'> : 0.0) (<class '__main__.FineGrainedBucket'> : 0.0) (<class '__main__.FineGrainedBucket'> : 0.0) (<class '__main__.FineGrainedBucket'> : 0.0) (<class '__main__.FineGrainedBucket'> : 0.0) (<class '__main__.FineGrainedBucket'> : 0.0) (<class '__main__.FineGrainedBucket'> : 0.0) (<class '__main__.FineGrainedBucket'> : 0.0) (<class '__main__.FineGrainedBucket'> : 0.0) (<class '__main__.FineGrainedBucket'> : 0.0) (<class '__main__.FineGrainedBucket'> : 0.0) (<class '__main__.CoarseGrainedBloomBucket'> : 0.3316360255129146) (<class '__main__.CoarseGrainedCountingBloomBucket'> : 0.7416609527610714) 
15,15,depth-distinct,0.4819442228512372,0.8768484134336947,54,394.1875,99.6298076923077,140.0,60.0,(<class '__main__.FineGrainedBucket'> : 0.1640426872411374) (<class '__main__.FineGrainedBucket'> : 0.0) (<class '__main__.FineGrainedBucket'> : 0.0) (<class '__main__.FineGrainedBucket'> : 0.0) (<class '__main__.FineGrainedBucket'> : 0.0) (<class '__main__.FineGrainedBucket'> : 0.0) (<class '__main__.FineGrainedBucket'> : 0.0) (<class '__main__.FineGrainedBucket'> : 0.0) (<class '__main__.FineGrainedBucket'> : 0.0) (<class '__main__.FineGrainedBucket'> : 0.0) (<class '__main__.FineGrainedBucket'> : 0.0) (<class '__main__.FineGrainedBucket'> : 0.0) (<class '__main__.FineGrainedBucket'> : 0.0) (<class '__main__.CoarseGrainedBloomBucket'> : 0.30617885786765875) (<class '__main__.CoarseGrainedCountingBloomBucket'> : 0.7094307882371184) 
16,16,depth-distinct,0.4621858571368259,0.8861976074359419,58,397.4471153846154,100.92788461538463,166.0,60.0,(<class '__main__.FineGrainedBucket'> : 0.1596149212226823) (<class '__main__.FineGrainedBucket'> : 0.0) (<class '__main__.FineGrainedBucket'> : 0.0) (<class '__main__.FineGrainedBucket'> : 0.0) (<class '__main__.FineGrainedBucket'> : 0.0) (<class '__main__.FineGrainedBucket'> : 0.0) (<class '__main__.FineGrainedBucket'> : 0.0) (<class '__main__.FineGrainedBucket'> : 0.0) (<class '__main__.FineGrainedBucket'> : 0.0) (<class '__main__.FineGrainedBucket'> : 0.0) (<class '__main__.FineGrainedBucket'> : 0.0) (<class '__main__.FineGrainedBucket'> : 0.0) (<class '__main__.FineGrainedBucket'> : 0.0) (<class '__main__.FineGrainedBucket'> : 0.0) (<class '__main__.CoarseGrainedBloomBucket'> : 0.28650248124980626) (<class '__main__.CoarseGrainedCountingBloomBucket'> : 0.6852856484118475) 
17,17,depth-distinct,0.4085252420643366,0.8955466608182402,62,400.7067307692307,102.22596153846153,170.0,60.0,(<class '__main__.FineGrainedBucket'> : 0.15568919642792256) (<class '__main__.FineGrainedBucket'> : 0.0) (<class '__main__.FineGrainedBucket'> : 0.0) (<class '__main__.FineGrainedBucket'> : 0.0) (<class '__main__.FineGrainedBucket'> : 0.0) (<class '__main__.FineGrainedBucket'> : 0.0) (<class '__main__.FineGrainedBucket'> : 0.0) (<class '__main__.FineGrainedBucket'> : 0.0) (<class '__main__.FineGrainedBucket'> : 0.0) (<class '__main__.FineGrainedBucket'> : 0.0) (<class '__main__.FineGrainedBucket'> : 0.0) (<class '__main__.FineGrainedBucket'> : 0.0) (<class '__main__.FineGrainedBucket'> : 0.0) (<class '__main__.FineGrainedBucket'> : 0.0) (<class '__main__.FineGrainedBucket'> : 0.16600154330277186) (<class '__main__.CoarseGrainedBloomBucket'> : 0.26904465871397054) (<class '__main__.CoarseGrainedCountingBloomBucket'> : 0.6016604103696501) 
18,18,depth-distinct,0.41575335876170616,0.9048957142005387,66,403.9663461538462,103.52403846153845,174.0,60.0,(<class '__main__.FineGrainedBucket'> : 0.15211861823658315) (<class '__main__.FineGrainedBucket'> : 0.0) (<class '__main__.FineGrainedBucket'> : 0.0) (<class '__main__.FineGrainedBucket'> : 0.0) (<class '__main__.FineGrainedBucket'> : 0.0) (<class '__main__.FineGrainedBucket'> : 0.0) (<class '__main__.FineGrainedBucket'> : 0.0) (<class '__main__.FineGrainedBucket'> : 0.0) (<class '__main__.FineGrainedBucket'> : 0.0) (<class '__main__.FineGrainedBucket'> : 0.0) (<class '__main__.FineGrainedBucket'> : 0.0) (<class '__main__.FineGrainedBucket'> : 0.0) (<class '__main__.FineGrainedBucket'> : 0.0) (<class '__main__.FineGrainedBucket'> : 0.0) (<class '__main__.FineGrainedBucket'> : 0.0) (<class '__main__.FineGrainedBucket'> : 0.2254893015442741) (<class '__main__.CoarseGrainedBloomBucket'> : 0.25192659241055715) (<class '__main__.CoarseGrainedCountingBloomBucket'> : 0.6196769709524605) 
19,19,depth-distinct,0.39506747820941474,0.9142447675828371,70,407.2259615384615,104.82211538461539,178.0,60.0,(<class '__main__.FineGrainedBucket'> : 0.14873068626235567) (<class '__main__.FineGrainedBucket'> : 0.0) (<class '__main__.FineGrainedBucket'> : 0.0) (<class '__main__.FineGrainedBucket'> : 0.0) (<class '__main__.FineGrainedBucket'> : 0.0) (<class '__main__.FineGrainedBucket'> : 0.0) (<class '__main__.FineGrainedBucket'> : 0.0) (<class '__main__.FineGrainedBucket'> : 0.0) (<class '__main__.FineGrainedBucket'> : 0.0) (<class '__main__.FineGrainedBucket'> : 0.0) (<class '__main__.FineGrainedBucket'> : 0.0) (<class '__main__.FineGrainedBucket'> : 0.0) (<class '__main__.FineGrainedBucket'> : 0.0) (<class '__main__.FineGrainedBucket'> : 0.0) (<class '__main__.FineGrainedBucket'> : 0.0) (<class '__main__.FineGrainedBucket'> : 0.0) (<class '__main__.CoarseGrainedBloomBucket'> : 0.22620095754195096) (<class '__main__.FineGrainedBucket'> : 0.3291630643446962) (<class '__main__.CoarseGrainedCountingBloomBucket'> : 0.5876565991836976) 
20,20,depth-distinct,0.3799554597289497,0.9235938209651355,74,410.48557692307696,106.12019230769232,182.0,60.0,(<class '__main__.FineGrainedBucket'> : 0.14550820745401988) (<class '__main__.FineGrainedBucket'> : 0.0) (<class '__main__.FineGrainedBucket'> : 0.0) (<class '__main__.FineGrainedBucket'> : 0.0) (<class '__main__.FineGrainedBucket'> : 0.0) (<class '__main__.FineGrainedBucket'> : 0.0) (<class '__main__.FineGrainedBucket'> : 0.0) (<class '__main__.FineGrainedBucket'> : 0.0) (<class '__main__.FineGrainedBucket'> : 0.0) (<class '__main__.FineGrainedBucket'> : 0.0) (<class '__main__.FineGrainedBucket'> : 0.0) (<class '__main__.FineGrainedBucket'> : 0.0) (<class '__main__.FineGrainedBucket'> : 0.0) (<class '__main__.FineGrainedBucket'> : 0.0) (<class '__main__.FineGrainedBucket'> : 0.0) (<class '__main__.FineGrainedBucket'> : 0.0) (<class '__main__.FineGrainedBucket'> : 0.0) (<class '__main__.CoarseGrainedBloomBucket'> : 0.21853379881043286) (<class '__main__.FineGrainedBucket'> : 0.0) (<class '__main__.CoarseGrainedCountingBloomBucket'> : 0.5744413373606685) 
21,21,depth-distinct,0.3601583339871547,0.9329428743474341,78,413.74519230769226,107.41826923076923,186.0,60.0,(<class '__main__.FineGrainedBucket'> : 0.14205446947516448) (<class '__main__.FineGrainedBucket'> : 0.0) (<class '__main__.FineGrainedBucket'> : 0.0) (<class '__main__.FineGrainedBucket'> : 0.0) (<class '__main__.FineGrainedBucket'> : 0.0) (<class '__main__.FineGrainedBucket'> : 0.0) (<class '__main__.FineGrainedBucket'> : 0.0) (<class '__main__.FineGrainedBucket'> : 0.0) (<class '__main__.FineGrainedBucket'> : 0.0) (<class '__main__.FineGrainedBucket'> : 0.0) (<class '__main__.FineGrainedBucket'> : 0.0) (<class '__main__.FineGrainedBucket'> : 0.0) (<class '__main__.FineGrainedBucket'> : 0.0) (<class '__main__.FineGrainedBucket'> : 0.0) (<class '__main__.FineGrainedBucket'> : 0.0) (<class '__main__.FineGrainedBucket'> : 0.0) (<class '__main__.FineGrainedBucket'> : 0.0) (<class '__main__.FineGrainedBucket'> : 0.0) (<class '__main__.CoarseGrainedBloomBucket'> : 0.2124843068874169) (<class '__main__.FineGrainedBucket'> : 0.0) (<class '__main__.CoarseGrainedCountingBloomBucket'> : 0.5432446161098273) 
22,22,depth-distinct,0.3581844188106395,0.942291857419758,82,417.00480769230774,108.71634615384616,179.0,60.0,(<class '__main__.FineGrainedBucket'> : 0.1396031324573555) (<class '__main__.FineGrainedBucket'> : 0.0) (<class '__main__.FineGrainedBucket'> : 0.0) (<class '__main__.FineGrainedBucket'> : 0.0) (<class '__main__.FineGrainedBucket'> : 0.0) (<class '__main__.FineGrainedBucket'> : 0.0) (<class '__main__.FineGrainedBucket'> : 0.0) (<class '__main__.FineGrainedBucket'> : 0.0) (<class '__main__.FineGrainedBucket'> : 0.0) (<class '__main__.FineGrainedBucket'> : 0.0) (<class '__main__.FineGrainedBucket'> : 0.0) (<class '__main__.FineGrainedBucket'> : 0.0) (<class '__main__.FineGrainedBucket'> : 0.0) (<class '__main__.FineGrainedBucket'> : 0.0) (<class '__main__.FineGrainedBucket'> : 0.0) (<class '__main__.FineGrainedBucket'> : 0.0) (<class '__main__.FineGrainedBucket'> : 0.0) (<class '__main__.FineGrainedBucket'> : 0.0) (<class '__main__.FineGrainedBucket'> : 0.0) (<class '__main__.CoarseGrainedBloomBucket'> : 0.20331225042119105) (<class '__main__.FineGrainedBucket'> : 0.0) (<class '__main__.CoarseGrainedCountingBloomBucket'> : 0.5432446161098273) 
23,23,depth-distinct,0.3474113761339506,0.9516409811120308,86,420.2644230769231,110.01442307692308,194.0,60.0,(<class '__main__.FineGrainedBucket'> : 0.13679204082984392) (<class '__main__.FineGrainedBucket'> : 0.0) (<class '__main__.FineGrainedBucket'> : 0.0) (<class '__main__.FineGrainedBucket'> : 0.0) (<class '__main__.FineGrainedBucket'> : 0.0) (<class '__main__.FineGrainedBucket'> : 0.0) (<class '__main__.FineGrainedBucket'> : 0.0) (<class '__main__.FineGrainedBucket'> : 0.0) (<class '__main__.FineGrainedBucket'> : 0.0) (<class '__main__.FineGrainedBucket'> : 0.0) (<class '__main__.FineGrainedBucket'> : 0.0) (<class '__main__.FineGrainedBucket'> : 0.0) (<class '__main__.FineGrainedBucket'> : 0.0) (<class '__main__.FineGrainedBucket'> : 0.0) (<class '__main__.FineGrainedBucket'> : 0.0) (<class '__main__.FineGrainedBucket'> : 0.0) (<class '__main__.FineGrainedBucket'> : 0.0) (<class '__main__.FineGrainedBucket'> : 0.0) (<class '__main__.FineGrainedBucket'> : 0.0) (<class '__main__.FineGrainedBucket'> : 0.0) (<class '__main__.CoarseGrainedBloomBucket'> : 0.1909449347589063) (<class '__main__.FineGrainedBucket'> : 0.0) (<class '__main__.CoarseGrainedCountingBloomBucket'> : 0.5297932319308036) 
24,24,depth-distinct,0.3495205955384435,0.9609899641843547,90,423.5240384615385,111.31249999999999,187.0,60.0,(<class '__main__.FineGrainedBucket'> : 0.13459609913110862) (<class '__main__.FineGrainedBucket'> : 0.0) (<class '__main__.FineGrainedBucket'> : 0.0) (<class '__main__.FineGrainedBucket'> : 0.0) (<class '__main__.FineGrainedBucket'> : 0.0) (<class '__main__.FineGrainedBucket'> : 0.0) (<class '__main__.FineGrainedBucket'> : 0.0) (<class '__main__.FineGrainedBucket'> : 0.0) (<class '__main__.FineGrainedBucket'> : 0.0) (<class '__main__.FineGrainedBucket'> : 0.0) (<class '__main__.FineGrainedBucket'> : 0.0) (<class '__main__.FineGrainedBucket'> : 0.0) (<class '__main__.FineGrainedBucket'> : 0.0) (<class '__main__.FineGrainedBucket'> : 0.0) (<class '__main__.FineGrainedBucket'> : 0.0) (<class '__main__.FineGrainedBucket'> : 0.0) (<class '__main__.FineGrainedBucket'> : 0.0) (<class '__main__.FineGrainedBucket'> : 0.0) (<class '__main__.FineGrainedBucket'> : 0.0) (<class '__main__.FineGrainedBucket'> : 0.0) (<class '__main__.FineGrainedBucket'> : 0.0) (<class '__main__.CoarseGrainedBloomBucket'> : 0.18252118863859831) (<class '__main__.FineGrainedBucket'> : 0.0) (<class '__main__.CoarseGrainedCountingBloomBucket'> : 0.5360077500177368) 
25,25,depth-distinct,0.33377605763224955,0.9703390175666531,94,426.78365384615387,112.61057692307692,191.0,60.0,(<class '__main__.FineGrainedBucket'> : 0.13281529534055567) (<class '__main__.FineGrainedBucket'> : 0.0) (<class '__main__.FineGrainedBucket'> : 0.0) (<class '__main__.FineGrainedBucket'> : 0.0) (<class '__main__.FineGrainedBucket'> : 0.0) (<class '__main__.FineGrainedBucket'> : 0.0) (<class '__main__.FineGrainedBucket'> : 0.0) (<class '__main__.FineGrainedBucket'> : 0.0) (<class '__main__.FineGrainedBucket'> : 0.0) (<class '__main__.FineGrainedBucket'> : 0.0) (<class '__main__.FineGrainedBucket'> : 0.0) (<class '__main__.FineGrainedBucket'> : 0.0) (<class '__main__.FineGrainedBucket'> : 0.0) (<class '__main__.FineGrainedBucket'> : 0.0) (<class '__main__.FineGrainedBucket'> : 0.0) (<class '__main__.FineGrainedBucket'> : 0.0) (<class '__main__.FineGrainedBucket'> : 0.0) (<class '__main__.FineGrainedBucket'> : 0.0) (<class '__main__.FineGrainedBucket'> : 0.0) (<class '__main__.FineGrainedBucket'> : 0.0) (<class '__main__.FineGrainedBucket'> : 0.0) (<class '__main__.FineGrainedBucket'> : 0.0) (<class '__main__.CoarseGrainedBloomBucket'> : 0.17184758944343692) (<class '__main__.FineGrainedBucket'> : 0.0) (<class '__main__.CoarseGrainedCountingBloomBucket'> : 0.5131913712383017) 
26,26,depth-distinct,0.26911658538741395,1.017733501214803,95,456.58173076923083,115.87259615384615,169.0,93.33333333333333,(<class '__main__.FineGrainedBucket'> : 0.13025331766887732) (<class '__main__.FineGrainedBucket'> : 0.0) (<class '__main__.FineGrainedBucket'> : 0.0) (<class '__main__.FineGrainedBucket'> : 0.0) (<class '__main__.FineGrainedBucket'> : 0.0) (<class '__main__.FineGrainedBucket'> : 0.0) (<class '__main__.FineGrainedBucket'> : 0.0) (<class '__main__.FineGrainedBucket'> : 0.0) (<class '__main__.FineGrainedBucket'> : 0.0) (<class '__main__.FineGrainedBucket'> : 0.0) (<class '__main__.FineGrainedBucket'> : 0.0) (<class '__main__.FineGrainedBucket'> : 0.0) (<class '__main__.FineGrainedBucket'> : 0.0) (<class '__main__.FineGrainedBucket'> : 0.0) (<class '__main__.FineGrainedBucket'> : 0.0) (<class '__main__.FineGrainedBucket'> : 0.0) (<class '__main__.FineGrainedBucket'> : 0.0) (<class '__main__.FineGrainedBucket'> : 0.0) (<class '__main__.FineGrainedBucket'> : 0.0) (<class '__main__.FineGrainedBucket'> : 0.0) (<class '__main__.FineGrainedBucket'> : 0.0) (<class '__main__.FineGrainedBucket'> : 0.0) (<class '__main__.CoarseGrainedBloomBucket'> : 0.15527158032929672) (<class '__main__.CoarseGrainedBloomBucket'> : 0.16354286489087935) (<class '__main__.FineGrainedBucket'> : 0.0) (<class '__main__.CoarseGrainedCountingBloomBucket'> : 0.4046968341352019) 
27,27,depth-distinct,0.30207888570407254,0.9890370540212754,102,433.30288461538464,115.20673076923076,188.0,60.0,(<class '__main__.FineGrainedBucket'> : 0.12797000882802062) (<class '__main__.FineGrainedBucket'> : 0.0) (<class '__main__.FineGrainedBucket'> : 0.0) (<class '__main__.FineGrainedBucket'> : 0.0) (<class '__main__.FineGrainedBucket'> : 0.0) (<class '__main__.FineGrainedBucket'> : 0.0) (<class '__main__.FineGrainedBucket'> : 0.0) (<class '__main__.FineGrainedBucket'> : 0.0) (<class '__main__.FineGrainedBucket'> : 0.0) (<class '__main__.FineGrainedBucket'> : 0.0) (<class '__main__.FineGrainedBucket'> : 0.0) (<class '__main__.FineGrainedBucket'> : 0.0) (<class '__main__.FineGrainedBucket'> : 0.0) (<class '__main__.FineGrainedBucket'> : 0.0) (<class '__main__.FineGrainedBucket'> : 0.0) (<class '__main__.FineGrainedBucket'> : 0.0) (<class '__main__.FineGrainedBucket'> : 0.0) (<class '__main__.FineGrainedBucket'> : 0.0) (<class '__main__.FineGrainedBucket'> : 0.0) (<class '__main__.FineGrainedBucket'> : 0.0) (<class '__main__.FineGrainedBucket'> : 0.0) (<class '__main__.FineGrainedBucket'> : 0.0) (<class '__main__.FineGrainedBucket'> : 0.0) (<class '__main__.FineGrainedBucket'> : 0.09800228760641243) (<class '__main__.CoarseGrainedBloomBucket'> : 0.15578179629465033) (<class '__main__.FineGrainedBucket'> : 0.0) (<class '__main__.CoarseGrainedCountingBloomBucket'> : 0.46655453420069226) 
28,28,depth-distinct,0.2714748396383823,0.9983860370935993,106,436.56249999999994,116.5048076923077,181.0,60.0,(<class '__main__.FineGrainedBucket'> : 0.12628435190008946) (<class '__main__.FineGrainedBucket'> : 0.0) (<class '__main__.FineGrainedBucket'> : 0.0) (<class '__main__.FineGrainedBucket'> : 0.0) (<class '__main__.FineGrainedBucket'> : 0.0) (<class '__main__.FineGrainedBucket'> : 0.0) (<class '__main__.FineGrainedBucket'> : 0.0) (<class '__main__.FineGrainedBucket'> : 0.0) (<class '__main__.FineGrainedBucket'> : 0.0) (<class '__main__.FineGrainedBucket'> : 0.0) (<class '__main__.FineGrainedBucket'> : 0.0) (<class '__main__.FineGrainedBucket'> : 0.0) (<class '__main__.FineGrainedBucket'> : 0.0) (<class '__main__.FineGrainedBucket'> : 0.0) (<class '__main__.FineGrainedBucket'> : 0.0) (<class '__main__.FineGrainedBucket'> : 0.0) (<class '__main__.FineGrainedBucket'> : 0.0) (<class '__main__.FineGrainedBucket'> : 0.0) (<class '__main__.FineGrainedBucket'> : 0.0) (<class '__main__.FineGrainedBucket'> : 0.0) (<class '__main__.FineGrainedBucket'> : 0.0) (<class '__main__.FineGrainedBucket'> : 0.0) (<class '__main__.FineGrainedBucket'> : 0.0) (<class '__main__.FineGrainedBucket'> : 0.0) (<class '__main__.CoarseGrainedBloomBucket'> : 0.1424457942396615) (<class '__main__.FineGrainedBucket'> : 0.0) (<class '__main__.FineGrainedBucket'> : 0.0) (<class '__main__.CoarseGrainedCountingBloomBucket'> : 0.4178740977288258) 
29,29,depth-distinct,0.2798589130421937,1.0077350201659234,110,439.8221153846154,117.80288461538461,174.0,60.0,(<class '__main__.FineGrainedBucket'> : 0.12536167105964766) (<class '__main__.FineGrainedBucket'> : 0.0) (<class '__main__.FineGrainedBucket'> : 0.0) (<class '__main__.FineGrainedBucket'> : 0.0) (<class '__main__.FineGrainedBucket'> : 0.0) (<class '__main__.FineGrainedBucket'> : 0.0) (<class '__main__.FineGrainedBucket'> : 0.0) (<class '__main__.FineGrainedBucket'> : 0.0) (<class '__main__.FineGrainedBucket'> : 0.0) (<class '__main__.FineGrainedBucket'> : 0.0) (<class '__main__.FineGrainedBucket'> : 0.0) (<class '__main__.FineGrainedBucket'> : 0.0) (<class '__main__.FineGrainedBucket'> : 0.0) (<class '__main__.FineGrainedBucket'> : 0.0) (<class '__main__.FineGrainedBucket'> : 0.0) (<class '__main__.FineGrainedBucket'> : 0.0) (<class '__main__.FineGrainedBucket'> : 0.0) (<class '__main__.FineGrainedBucket'> : 0.0) (<class '__main__.FineGrainedBucket'> : 0.0) (<class '__main__.FineGrainedBucket'> : 0.0) (<class '__main__.FineGrainedBucket'> : 0.0) (<class '__main__.FineGrainedBucket'> : 0.0) (<class '__main__.FineGrainedBucket'> : 0.0) (<class '__main__.FineGrainedBucket'> : 0.0) (<class '__main__.FineGrainedBucket'> : 0.0) (<class '__main__.CoarseGrainedBloomBucket'> : 0.13794955528583797) (<class '__main__.FineGrainedBucket'> : 0.0) (<class '__main__.FineGrainedBucket'> : 0.0) (<class '__main__.CoarseGrainedCountingBloomBucket'> : 0.43349544565981385) 
30,30,depth-distinct,0.2292395866992731,1.0170840735482216,114,443.0817307692307,119.10096153846155,178.0,60.0,(<class '__main__.FineGrainedBucket'> : 0.12434575729018824) (<class '__main__.FineGrainedBucket'> : 0.0) (<class '__main__.FineGrainedBucket'> : 0.0) (<class '__main__.FineGrainedBucket'> : 0.0) (<class '__main__.FineGrainedBucket'> : 0.0) (<class '__main__.FineGrainedBucket'> : 0.0) (<class '__main__.FineGrainedBucket'> : 0.0) (<class '__main__.FineGrainedBucket'> : 0.0) (<class '__main__.FineGrainedBucket'> : 0.0) (<class '__main__.FineGrainedBucket'> : 0.0) (<class '__main__.FineGrainedBucket'> : 0.0) (<class '__main__.FineGrainedBucket'> : 0.0) (<class '__main__.FineGrainedBucket'> : 0.0) (<class '__main__.FineGrainedBucket'> : 0.0) (<class '__main__.FineGrainedBucket'> : 0.0) (<class '__main__.FineGrainedBucket'> : 0.0) (<class '__main__.FineGrainedBucket'> : 0.0) (<class '__main__.FineGrainedBucket'> : 0.0) (<class '__main__.FineGrainedBucket'> : 0.0) (<class '__main__.FineGrainedBucket'> : 0.0) (<class '__main__.FineGrainedBucket'> : 0.0) (<class '__main__.FineGrainedBucket'> : 0.0) (<class '__main__.FineGrainedBucket'> : 0.0) (<class '__main__.FineGrainedBucket'> : 0.0) (<class '__main__.FineGrainedBucket'> : 0.0) (<class '__main__.FineGrainedBucket'> : 0.0) (<class '__main__.CoarseGrainedBloomBucket'> : 0.1393020683007284) (<class '__main__.FineGrainedBucket'> : 0.0) (<class '__main__.FineGrainedBucket'> : 0.0) (<class '__main__.CoarseGrainedCountingBloomBucket'> : 0.346339590039095) 
31,31,depth-distinct,0.26945474248674145,1.0644786275063458,115,472.87980769230774,122.36298076923077,167.0,93.33333333333333,(<class '__main__.CoarseGrainedBloomBucket'> : 0.11891467514419005) (<class '__main__.FineGrainedBucket'> : 0.0) (<class '__main__.FineGrainedBucket'> : 0.0) (<class '__main__.FineGrainedBucket'> : 0.0) (<class '__main__.FineGrainedBucket'> : 0.0) (<class '__main__.FineGrainedBucket'> : 0.0) (<class '__main__.FineGrainedBucket'> : 0.0) (<class '__main__.FineGrainedBucket'> : 0.0) (<class '__main__.FineGrainedBucket'> : 0.0) (<class '__main__.FineGrainedBucket'> : 0.0) (<class '__main__.FineGrainedBucket'> : 0.0) (<class '__main__.FineGrainedBucket'> : 0.0) (<class '__main__.FineGrainedBucket'> : 0.0) (<class '__main__.FineGrainedBucket'> : 0.0) (<class '__main__.FineGrainedBucket'> : 0.0) (<class '__main__.FineGrainedBucket'> : 0.0) (<class '__main__.FineGrainedBucket'> : 0.0) (<class '__main__.FineGrainedBucket'> : 0.0) (<class '__main__.FineGrainedBucket'> : 0.0) (<class '__main__.FineGrainedBucket'> : 0.0) (<class '__main__.FineGrainedBucket'> : 0.0) (<class '__main__.FineGrainedBucket'> : 0.0) (<class '__main__.FineGrainedBucket'> : 0.0) (<class '__main__.FineGrainedBucket'> : 0.0) (<class '__main__.FineGrainedBucket'> : 0.0) (<class '__main__.FineGrainedBucket'> : 0.0) (<class '__main__.FineGrainedBucket'> : 0.0) (<class '__main__.CoarseGrainedBloomBucket'> : 0.13248597658840516) (<class '__main__.FineGrainedBucket'> : 0.0) (<class '__main__.FineGrainedBucket'> : 0.0) (<class '__main__.CoarseGrainedCountingBloomBucket'> : 0.4178740977288258) 
32,32,depth-distinct,0.25985341073325346,1.0738276105786702,119,476.13942307692304,123.66105769230768,160.0,93.33333333333333,(<class '__main__.CoarseGrainedBloomBucket'> : 0.11411989511209597) (<class '__main__.FineGrainedBucket'> : 0.0) (<class '__main__.FineGrainedBucket'> : 0.0) (<class '__main__.FineGrainedBucket'> : 0.0) (<class '__main__.FineGrainedBucket'> : 0.0) (<class '__main__.FineGrainedBucket'> : 0.0) (<class '__main__.FineGrainedBucket'> : 0.0) (<class '__main__.FineGrainedBucket'> : 0.0) (<class '__main__.FineGrainedBucket'> : 0.0) (<class '__main__.FineGrainedBucket'> : 0.0) (<class '__main__.FineGrainedBucket'> : 0.0) (<class '__main__.FineGrainedBucket'> : 0.0) (<class '__main__.FineGrainedBucket'> : 0.0) (<class '__main__.FineGrainedBucket'> : 0.0) (<class '__main__.FineGrainedBucket'> : 0.0) (<class '__main__.FineGrainedBucket'> : 0.0) (<class '__main__.FineGrainedBucket'> : 0.0) (<class '__main__.FineGrainedBucket'> : 0.0) (<class '__main__.FineGrainedBucket'> : 0.0) (<class '__main__.FineGrainedBucket'> : 0.0) (<class '__main__.FineGrainedBucket'> : 0.0) (<class '__main__.FineGrainedBucket'> : 0.0) (<class '__main__.FineGrainedBucket'> : 0.0) (<class '__main__.FineGrainedBucket'> : 0.0) (<class '__main__.FineGrainedBucket'> : 0.0) (<class '__main__.FineGrainedBucket'> : 0.0) (<class '__main__.FineGrainedBucket'> : 0.0) (<class '__main__.FineGrainedBucket'> : 0.0) (<class '__main__.CoarseGrainedBloomBucket'> : 0.1261555491432738) (<class '__main__.FineGrainedBucket'> : 0.0) (<class '__main__.FineGrainedBucket'> : 0.0) (<class '__main__.CoarseGrainedCountingBloomBucket'> : 0.40394430316308116) 
33,33,depth-distinct,0.2588418649920581,1.0831767342709426,123,479.3990384615385,124.95913461538461,175.0,93.33333333333333,(<class '__main__.CoarseGrainedBloomBucket'> : 0.10936067723400199) (<class '__main__.FineGrainedBucket'> : 0.0) (<class '__main__.FineGrainedBucket'> : 0.0) (<class '__main__.FineGrainedBucket'> : 0.0) (<class '__main__.FineGrainedBucket'> : 0.0) (<class '__main__.FineGrainedBucket'> : 0.0) (<class '__main__.FineGrainedBucket'> : 0.0) (<class '__main__.FineGrainedBucket'> : 0.0) (<class '__main__.FineGrainedBucket'> : 0.0) (<class '__main__.FineGrainedBucket'> : 0.0) (<class '__main__.FineGrainedBucket'> : 0.0) (<class '__main__.FineGrainedBucket'> : 0.0) (<class '__main__.FineGrainedBucket'> : 0.0) (<class '__main__.FineGrainedBucket'> : 0.0) (<class '__main__.FineGrainedBucket'> : 0.0) (<class '__main__.FineGrainedBucket'> : 0.0) (<class '__main__.FineGrainedBucket'> : 0.0) (<class '__main__.FineGrainedBucket'> : 0.0) (<class '__main__.FineGrainedBucket'> : 0.0) (<class '__main__.FineGrainedBucket'> : 0.0) (<class '__main__.FineGrainedBucket'> : 0.0) (<class '__main__.FineGrainedBucket'> : 0.0) (<class '__main__.FineGrainedBucket'> : 0.0) (<class '__main__.FineGrainedBucket'> : 0.0) (<class '__main__.FineGrainedBucket'> : 0.0) (<class '__main__.FineGrainedBucket'> : 0.0) (<class '__main__.FineGrainedBucket'> : 0.0) (<class '__main__.FineGrainedBucket'> : 0.0) (<class '__main__.FineGrainedBucket'> : 0.0) (<class '__main__.CoarseGrainedBloomBucket'> : 0.12097507334504472) (<class '__main__.FineGrainedBucket'> : 0.0) (<class '__main__.FineGrainedBucket'> : 0.0) (<class '__main__.CoarseGrainedCountingBloomBucket'> : 0.40394430316308116) 
1,1,width,1.8171242289791676,0.009349123692272825,4,3.2596153846153846,1.2980769230769231,15.0,0.0,(<class '__main__.FineGrainedBucket'> : 1.8171242289791676) 
2,2,width,1.074912345307427,0.7172646564081943,5,325.27403846153845,80.79086538461539,15.0,26.666666666666668,(<class '__main__.FineGrainedBucket'> : 1.0471715674158426) (<class '__main__.CoarseGrainedCountingBloomBucket'> : 1.101954762253836) 
3,3,width,0.9763591075349389,0.764659280676293,6,355.07211538461536,84.05288461538461,15.0,60.0,(<class '__main__.FineGrainedBucket'> : 1.2825124453768746) (<class '__main__.CoarseGrainedCountingBloomBucket'> : 1.1022688205089333) (<class '__main__.CoarseGrainedBloomBucket'> : 0.0) 
4,4,width,0.6924534595784115,1.4468251019699168,7,661.1923076923076,161.69951923076923,15.0,86.66666666666667,(<class '__main__.FineGrainedBucket'> : 0.8343577842870333) (<class '__main__.CoarseGrainedCountingBloomBucket'> : 0.07565580350244647) (<class '__main__.CoarseGrainedCountingBloomBucket'> : 1.1027707097759363) (<class '__main__.CoarseGrainedBloomBucket'> : 0.0) 
5,5,width,0.5737540220117381,0.7956533172143668,11,372.2355769230769,86.76682692307692,30.0,93.33333333333333,(<class '__main__.FineGrainedBucket'> : 0.8073282720951751) (<class '__main__.FineGrainedBucket'> : 0.4963715010814337) (<class '__main__.CoarseGrainedBloomBucket'> : 0.13112268082555473) (<class '__main__.CoarseGrainedCountingBloomBucket'> : 0.8547582263051543) (<class '__main__.CoarseGrainedBloomBucket'> : 0.0) 
6,6,width,0.6160589676718066,0.7998811198952274,12,373.16346153846155,87.49038461538461,30.0,93.33333333333333,(<class '__main__.FineGrainedBucket'> : 0.5816602532610842) (<class '__main__.FineGrainedBucket'> : 0.8662506906964424) (<class '__main__.CoarseGrainedSimpleBucket'> : 0.0) (<class '__main__.CoarseGrainedCountingBloomBucket'> : 1.0901573859933347) (<class '__main__.CoarseGrainedBloomBucket'> : 0.0) (<class '__main__.CoarseGrainedBloomBucket'> : 0.0) 
7,7,width,0.5916693602643599,1.4955008634576203,16,684.5336538461538,166.8653846153846,45.0,86.66666666666667,(<class '__main__.FineGrainedBucket'> : 0.44181911241171423) (<class '__main__.FineGrainedBucket'> : 1.0246025033529187) (<class '__main__.CoarseGrainedBloomBucket'> : 0.0) (<class '__main__.CoarseGrainedCountingBloomBucket'> : 0.0) (<class '__main__.CoarseGrainedCountingBloomBucket'> : 1.0979499101325685) (<class '__main__.CoarseGrainedSimpleBucket'> : 0.0) (<class '__main__.FineGrainedBucket'> : 0.0) 
8,8,width,0.320981086078047,1.4739789547161835,17,669.5673076923077,165.74278846153848,45.0,86.66666666666667,(<class '__main__.FineGrainedBucket'> : 0.22535687635220178) (<class '__main__.FineGrainedBucket'> : 0.6326255418048602) (<class '__main__.CoarseGrainedCountingBloomBucket'> : 0.07426750567935811) (<class '__main__.CoarseGrainedSimpleBucket'> : 0.0) (<class '__main__.FineGrainedBucket'> : 0.4562596776704351) (<class '__main__.CoarseGrainedCountingBloomBucket'> : 0.39942199887792434) (<class '__main__.CoarseGrainedSimpleBucket'> : 0.0) (<class '__main__.CoarseGrainedBloomBucket'> : 0.0) 
9,9,width,0.4375983478372338,0.8176858489492211,18,378.2788461538462,90.23557692307692,45.0,93.33333333333333,(<class '__main__.FineGrainedBucket'> : 0.17954220759604358) (<class '__main__.FineGrainedBucket'> : 0.642689867180283) (<class '__main__.FineGrainedBucket'> : 0.2720167852160518) (<class '__main__.CoarseGrainedSimpleBucket'> : 0.0) (<class '__main__.CoarseGrainedSimpleBucket'> : 0.0) (<class '__main__.CoarseGrainedCountingBloomBucket'> : 1.0973352049317093) (<class '__main__.CoarseGrainedBloomBucket'> : 0.0) (<class '__main__.CoarseGrainedSimpleBucket'> : 0.0) (<class '__main__.CoarseGrainedBloomBucket'> : 0.0) 
10,10,width,0.36074780140116014,1.499851670242845,19,684.3990384615385,167.88221153846155,45.0,120.0,(<class '__main__.FineGrainedBucket'> : 0.14929081041978332) (<class '__main__.FineGrainedBucket'> : 0.6274721293331932) (<class '__main__.FineGrainedBucket'> : 0.3970120821297981) (<class '__main__.CoarseGrainedBloomBucket'> : 0.0) (<class '__main__.CoarseGrainedSimpleBucket'> : 0.0) (<class '__main__.CoarseGrainedCountingBloomBucket'> : 0.1426091375612143) (<class '__main__.CoarseGrainedCountingBloomBucket'> : 0.8410874659668461) (<class '__main__.CoarseGrainedSimpleBucket'> : 0.0) (<class '__main__.CoarseGrainedSimpleBucket'> : 0.0) (<class '__main__.CoarseGrainedBloomBucket'> : 0.0) 
11,11,width,0.3919655776609355,0.8570124867446521,23,398.3605769230769,94.10336538461539,60.0,93.33333333333333,(<class '__main__.FineGrainedBucket'> : 0.12678489551402888) (<class '__main__.FineGrainedBucket'> : 0.5718159907762437) (<class '__main__.FineGrainedBucket'> : 0.5403799530700067) (<class '__main__.CoarseGrainedBloomBucket'> : 0.0) (<class '__main__.CoarseGrainedSimpleBucket'> : 0.0) (<class '__main__.CoarseGrainedSimpleBucket'> : 0.0) (<class '__main__.CoarseGrainedCountingBloomBucket'> : 1.026317189531242) (<class '__main__.CoarseGrainedBloomBucket'> : 0.040270963939402216) (<class '__main__.CoarseGrainedSimpleBucket'> : 0.0) (<class '__main__.CoarseGrainedSimpleBucket'> : 0.0) (<class '__main__.FineGrainedBucket'> : 0.0) 
12,12,width,0.3742346872664766,2.2757902176377502,18,1049.7740384615386,251.90865384615387,30.0,180.0,(<class '__main__.CoarseGrainedBloomBucket'> : 0.10328157116869496) (<class '__main__.FineGrainedBucket'> : 0.4673210997834798) (<class '__main__.FineGrainedBucket'> : 0.6646603173773032) (<class '__main__.CoarseGrainedCountingBloomBucket'> : 0.07461700175412649) (<class '__main__.CoarseGrainedSimpleBucket'> : 0.0) (<class '__main__.CoarseGrainedSimpleBucket'> : 0.0) (<class '__main__.CoarseGrainedCountingBloomBucket'> : 0.03459472028593357) (<class '__main__.CoarseGrainedCountingBloomBucket'> : 1.0015078651486597) (<class '__main__.CoarseGrainedBloomBucket'> : 0.0) (<class '__main__.CoarseGrainedSimpleBucket'> : 0.0) (<class '__main__.CoarseGrainedSimpleBucket'> : 0.0) (<class '__main__.CoarseGrainedBloomBucket'> : 0.0) 
13,13,width,0.3046446458648226,0.895180991424842,22,423.83653846153845,96.36057692307692,45.0,160.0,(<class '__main__.CoarseGrainedBloomBucket'> : 0.08292836587662454) (<class '__main__.FineGrainedBucket'> : 0.4017296313822923) (<class '__main__.FineGrainedBucket'> : 0.7062692365509834) (<class '__main__.FineGrainedBucket'> : 0.27616719606134127) (<class '__main__.CoarseGrainedBloomBucket'> : 0.0) (<class '__main__.CoarseGrainedSimpleBucket'> : 0.0) (<class '__main__.CoarseGrainedSimpleBucket'> : 0.0) (<class '__main__.CoarseGrainedBloomBucket'> : 0.2838255888387157) (<class '__main__.CoarseGrainedCountingBloomBucket'> : 0.6185493540984929) (<class '__main__.CoarseGrainedSimpleBucket'> : 0.0) (<class '__main__.CoarseGrainedSimpleBucket'> : 0.0) (<class '__main__.CoarseGrainedSimpleBucket'> : 0.0) (<class '__main__.CoarseGrainedBloomBucket'> : 0.0) 
14,14,width,0.3683544707920102,1.6165504464095328,26,751.1009615384615,177.58173076923077,60.0,153.33333333333334,(<class '__main__.CoarseGrainedBloomBucket'> : 0.05672200653730153) (<class '__main__.FineGrainedBucket'> : 0.3657795707093653) (<class '__main__.FineGrainedBucket'> : 0.713707912098261) (<class '__main__.FineGrainedBucket'> : 0.3866747885447891) (<class '__main__.CoarseGrainedBloomBucket'> : 0.0) (<class '__main__.CoarseGrainedSimpleBucket'> : 0.0) (<class '__main__.CoarseGrainedSimpleBucket'> : 0.0) (<class '__main__.CoarseGrainedCountingBloomBucket'> : 0.0) (<class '__main__.CoarseGrainedCountingBloomBucket'> : 1.0503358698691359) (<class '__main__.CoarseGrainedBloomBucket'> : 0.022037982136062995) (<class '__main__.CoarseGrainedSimpleBucket'> : 0.0) (<class '__main__.CoarseGrainedSimpleBucket'> : 0.0) (<class '__main__.CoarseGrainedSimpleBucket'> : 0.0) (<class '__main__.FineGrainedBucket'> : 0.0) 
15,15,width,0.23115155868057385,0.9222118400667447,30,433.27403846153845,100.11057692307692,75.0,126.66666666666666,(<class '__main__.CoarseGrainedBloomBucket'> : 0.04771187236136979) (<class '__main__.FineGrainedBucket'> : 0.18372832541819895) (<class '__main__.FineGrainedBucket'> : 0.3629150273454803) (<class '__main__.FineGrainedBucket'> : 0.2519517310850393) (<class '__main__.CoarseGrainedBloomBucket'> : 0.0) (<class '__main__.CoarseGrainedSimpleBucket'> : 0.0) (<class '__main__.CoarseGrainedSimpleBucket'> : 0.0) (<class '__main__.CoarseGrainedSimpleBucket'> : 0.0) (<class '__main__.CoarseGrainedCountingBloomBucket'> : 0.14783463736622615) (<class '__main__.FineGrainedBucket'> : 0.7405358812644353) (<class '__main__.CoarseGrainedBloomBucket'> : 0.0) (<class '__main__.CoarseGrainedSimpleBucket'> : 0.0) (<class '__main__.CoarseGrainedSimpleBucket'> : 0.0) (<class '__main__.CoarseGrainedSimpleBucket'> : 0.0) (<class '__main__.FineGrainedBucket'> : 0.0) 
16,16,width,0.18324785351222422,1.5735066289266586,28,721.1682692307693,175.33653846153848,60.0,153.33333333333334,(<class '__main__.CoarseGrainedBloomBucket'> : 0.03816958064166389) (<class '__main__.FineGrainedBucket'> : 0.16865517419078407) (<class '__main__.FineGrainedBucket'> : 0.35308704206711433) (<class '__main__.FineGrainedBucket'> : 0.2930677725385033) (<class '__main__.CoarseGrainedCountingBloomBucket'> : 0.07308918239604115) (<class '__main__.CoarseGrainedBloomBucket'> : 0.0) (<class '__main__.CoarseGrainedSimpleBucket'> : 0.0) (<class '__main__.CoarseGrainedSimpleBucket'> : 0.0) (<class '__main__.CoarseGrainedSimpleBucket'> : 0.0) (<class '__main__.FineGrainedBucket'> : 0.36221678467188195) (<class '__main__.CoarseGrainedCountingBloomBucket'> : 0.40033982650707195) (<class '__main__.CoarseGrainedSimpleBucket'> : 0.0) (<class '__main__.CoarseGrainedSimpleBucket'> : 0.0) (<class '__main__.CoarseGrainedSimpleBucket'> : 0.0) (<class '__main__.CoarseGrainedSimpleBucket'> : 0.0) (<class '__main__.CoarseGrainedBloomBucket'> : 0.0) 
17,17,width,0.23121720675617533,0.9480845555934063,32,448.10576923076917,102.25,75.0,160.0,(<class '__main__.CoarseGrainedBloomBucket'> : 0.03539961627023944) (<class '__main__.FineGrainedBucket'> : 0.1535850992821558) (<class '__main__.FineGrainedBucket'> : 0.31193281123701516) (<class '__main__.FineGrainedBucket'> : 0.34116554045133163) (<class '__main__.FineGrainedBucket'> : 0.15213842560471483) (<class '__main__.CoarseGrainedBloomBucket'> : 0.0) (<class '__main__.CoarseGrainedSimpleBucket'> : 0.0) (<class '__main__.CoarseGrainedSimpleBucket'> : 0.0) (<class '__main__.CoarseGrainedSimpleBucket'> : 0.0) (<class '__main__.CoarseGrainedCountingBloomBucket'> : 0.06010189161414945) (<class '__main__.FineGrainedBucket'> : 0.8021809563729472) (<class '__main__.CoarseGrainedBloomBucket'> : 0.008585984516307064) (<class '__main__.CoarseGrainedSimpleBucket'> : 0.0) (<class '__main__.CoarseGrainedSimpleBucket'> : 0.0) (<class '__main__.CoarseGrainedSimpleBucket'> : 0.0) (<class '__main__.CoarseGrainedSimpleBucket'> : 0.0) (<class '__main__.CoarseGrainedBloomBucket'> : 0.0) 
18,18,width,0.2134395626213804,0.9265626468519692,33,433.1394230769231,101.12740384615384,75.0,160.0,(<class '__main__.CoarseGrainedBloomBucket'> : 0.03185394392168095) (<class '__main__.FineGrainedBucket'> : 0.1342757308724942) (<class '__main__.FineGrainedBucket'> : 0.2829861726294577) (<class '__main__.FineGrainedBucket'> : 0.37084675829679903) (<class '__main__.FineGrainedBucket'> : 0.20068568067745352) (<class '__main__.CoarseGrainedBloomBucket'> : 0.0) (<class '__main__.CoarseGrainedSimpleBucket'> : 0.0) (<class '__main__.CoarseGrainedSimpleBucket'> : 0.0) (<class '__main__.CoarseGrainedSimpleBucket'> : 0.0) (<class '__main__.CoarseGrainedSimpleBucket'> : 0.0) (<class '__main__.FineGrainedBucket'> : 0.22367659853137317) (<class '__main__.CoarseGrainedCountingBloomBucket'> : 0.7021776039217331) (<class '__main__.CoarseGrainedBloomBucket'> : 0.0) (<class '__main__.CoarseGrainedSimpleBucket'> : 0.0) (<class '__main__.CoarseGrainedSimpleBucket'> : 0.0) (<class '__main__.CoarseGrainedSimpleBucket'> : 0.0) (<class '__main__.CoarseGrainedSimpleBucket'> : 0.0) (<class '__main__.CoarseGrainedBloomBucket'> : 0.0) 
19,19,width,0.21697572239042032,1.6170610694029501,34,742.1778846153846,179.9278846153846,75.0,153.33333333333334,(<class '__main__.CoarseGrainedBloomBucket'> : 0.02567269296894028) (<class '__main__.FineGrainedBucket'> : 0.11623806118345338) (<class '__main__.FineGrainedBucket'> : 0.26007464358136867) (<class '__main__.FineGrainedBucket'> : 0.3863718968931983) (<class '__main__.FineGrainedBucket'> : 0.24657816388439008) (<class '__main__.CoarseGrainedBloomBucket'> : 0.0) (<class '__main__.CoarseGrainedSimpleBucket'> : 0.0) (<class '__main__.CoarseGrainedSimpleBucket'> : 0.0) (<class '__main__.CoarseGrainedSimpleBucket'> : 0.0) (<class '__main__.CoarseGrainedSimpleBucket'> : 0.0) (<class '__main__.CoarseGrainedCountingBloomBucket'> : 0.01815333528965787) (<class '__main__.FineGrainedBucket'> : 0.7716553141585694) (<class '__main__.CoarseGrainedCountingBloomBucket'> : 0.08269578425146781) (<class '__main__.CoarseGrainedSimpleBucket'> : 0.0) (<class '__main__.CoarseGrainedSimpleBucket'> : 0.0) (<class '__main__.CoarseGrainedSimpleBucket'> : 0.0) (<class '__main__.CoarseGrainedSimpleBucket'> : 0.0) (<class '__main__.CoarseGrainedSimpleBucket'> : 0.0) (<class '__main__.CoarseGrainedBloomBucket'> : 0.0) 
20,20,width,0.21787318543400958,2.3249766021188716,35,1064.1923076923076,259.4206730769231,75.0,180.0,(<class '__main__.CoarseGrainedBloomBucket'> : 0.026339741437855748) (<class '__main__.FineGrainedBucket'> : 0.10780003779437809) (<class '__main__.FineGrainedBucket'> : 0.24086825858749028) (<class '__main__.FineGrainedBucket'> : 0.3905704963710192) (<class '__main__.FineGrainedBucket'> : 0.2787536217692367) (<class '__main__.CoarseGrainedCountingBloomBucket'> : 0.075655147391688) (<class '__main__.CoarseGrainedBloomBucket'> : 0.0) (<class '__main__.CoarseGrainedSimpleBucket'> : 0.0) (<class '__main__.CoarseGrainedSimpleBucket'> : 0.0) (<class '__main__.CoarseGrainedSimpleBucket'> : 0.0) (<class '__main__.CoarseGrainedSimpleBucket'> : 0.0) (<class '__main__.CoarseGrainedCountingBloomBucket'> : 0.1555494986108335) (<class '__main__.CoarseGrainedCountingBloomBucket'> : 0.7866724383628048) (<class '__main__.CoarseGrainedBloomBucket'> : 0.0) (<class '__main__.CoarseGrainedSimpleBucket'> : 0.0) (<class '__main__.CoarseGrainedSimpleBucket'> : 0.0) (<class '__main__.CoarseGrainedSimpleBucket'> : 0.0) (<class '__main__.CoarseGrainedSimpleBucket'> : 0.0) (<class '__main__.CoarseGrainedSimpleBucket'> : 0.0) (<class '__main__.FineGrainedBucket'> : 0.0) 
21,21,width,0.18269092189245797,1.6480551059410238,39,759.3413461538462,182.64182692307693,90.0,186.66666666666666,(<class '__main__.CoarseGrainedBloomBucket'> : 0.02337410041879489) (<class '__main__.FineGrainedBucket'> : 0.09870773106458118) (<class '__main__.FineGrainedBucket'> : 0.2292171914414444) (<class '__main__.FineGrainedBucket'> : 0.38643922666575664) (<class '__main__.FineGrainedBucket'> : 0.29658408560213256) (<class '__main__.FineGrainedBucket'> : 0.15148148387275626) (<class '__main__.CoarseGrainedBloomBucket'> : 0.0) (<class '__main__.CoarseGrainedSimpleBucket'> : 0.0) (<class '__main__.CoarseGrainedSimpleBucket'> : 0.0) (<class '__main__.CoarseGrainedSimpleBucket'> : 0.0) (<class '__main__.CoarseGrainedSimpleBucket'> : 0.0) (<class '__main__.CoarseGrainedCountingBloomBucket'> : 0.0) (<class '__main__.FineGrainedBucket'> : 0.3209154180124734) (<class '__main__.CoarseGrainedCountingBloomBucket'> : 0.5242502810322293) (<class '__main__.CoarseGrainedBloomBucket'> : 0.0) (<class '__main__.CoarseGrainedSimpleBucket'> : 0.0) (<class '__main__.CoarseGrainedSimpleBucket'> : 0.0) (<class '__main__.CoarseGrainedSimpleBucket'> : 0.0) (<class '__main__.CoarseGrainedSimpleBucket'> : 0.0) (<class '__main__.CoarseGrainedSimpleBucket'> : 0.0) (<class '__main__.CoarseGrainedBloomBucket'> : 0.0) 
22,22,width,0.22550163061180156,1.678032620044182,40,776.1634615384615,185.21153846153845,90.0,186.66666666666666,(<class '__main__.CoarseGrainedBloomBucket'> : 0.019533820957851365) (<class '__main__.FineGrainedBucket'> : 0.08951521315106867) (<class '__main__.FineGrainedBucket'> : 0.21991820737219003) (<class '__main__.FineGrainedBucket'> : 0.3593904555921506) (<class '__main__.FineGrainedBucket'> : 0.3327923365887312) (<class '__main__.FineGrainedBucket'> : 0.20417281923058023) (<class '__main__.CoarseGrainedBloomBucket'> : 0.0) (<class '__main__.CoarseGrainedSimpleBucket'> : 0.0) (<class '__main__.CoarseGrainedSimpleBucket'> : 0.0) (<class '__main__.CoarseGrainedSimpleBucket'> : 0.0) (<class '__main__.CoarseGrainedSimpleBucket'> : 0.0) (<class '__main__.CoarseGrainedSimpleBucket'> : 0.0) (<class '__main__.CoarseGrainedCountingBloomBucket'> : 0.07043355256713683) (<class '__main__.CoarseGrainedCountingBloomBucket'> : 0.8799858630978404) (<class '__main__.CoarseGrainedBloomBucket'> : 0.032394722563875426) (<class '__main__.CoarseGrainedBloomBucket'> : 0.0) (<class '__main__.CoarseGrainedSimpleBucket'> : 0.0) (<class '__main__.CoarseGrainedSimpleBucket'> : 0.0) (<class '__main__.CoarseGrainedSimpleBucket'> : 0.0) (<class '__main__.CoarseGrainedSimpleBucket'> : 0.0) (<class '__main__.CoarseGrainedSimpleBucket'> : 0.0) (<class '__main__.FineGrainedBucket'> : 0.0) 
23,23,width,0.19992843937990257,1.02173951427722,41,484.875,109.70432692307692,90.0,193.33333333333334,(<class '__main__.CoarseGrainedBloomBucket'> : 0.019973054552271177) (<class '__main__.CoarseGrainedBloomBucket'> : 0.08706052638717507) (<class '__main__.FineGrainedBucket'> : 0.20636138312387578) (<class '__main__.FineGrainedBucket'> : 0.31956887283633884) (<class '__main__.FineGrainedBucket'> : 0.37698313759069535) (<class '__main__.FineGrainedBucket'> : 0.24154187073185687) (<class '__main__.CoarseGrainedBloomBucket'> : 0.0) (<class '__main__.CoarseGrainedBloomBucket'> : 0.0) (<class '__main__.CoarseGrainedSimpleBucket'> : 0.0) (<class '__main__.CoarseGrainedSimpleBucket'> : 0.0) (<class '__main__.CoarseGrainedSimpleBucket'> : 0.0) (<class '__main__.CoarseGrainedSimpleBucket'> : 0.0) (<class '__main__.CoarseGrainedSimpleBucket'> : 0.0) (<class '__main__.FineGrainedBucket'> : 0.24009239935363647) (<class '__main__.CoarseGrainedCountingBloomBucket'> : 0.7131107748180948) (<class '__main__.CoarseGrainedBloomBucket'> : 0.0) (<class '__main__.CoarseGrainedSimpleBucket'> : 0.0) (<class '__main__.CoarseGrainedSimpleBucket'> : 0.0) (<class '__main__.CoarseGrainedSimpleBucket'> : 0.0) (<class '__main__.CoarseGrainedSimpleBucket'> : 0.0) (<class '__main__.CoarseGrainedSimpleBucket'> : 0.0) (<class '__main__.CoarseGrainedSimpleBucket'> : 0.0) (<class '__main__.FineGrainedBucket'> : 0.0) 
24,24,width,0.1688254982795184,2.3901758851309896,42,1099.105769230769,265.42788461538464,79.0,213.33333333333334,(<class '__main__.CoarseGrainedBloomBucket'> : 0.02040285292635819) (<class '__main__.CoarseGrainedBloomBucket'> : 0.062052854645818493) (<class '__main__.FineGrainedBucket'> : 0.19516477983851535) (<class '__main__.FineGrainedBucket'> : 0.29513698222455226) (<class '__main__.FineGrainedBucket'> : 0.3952312259011929) (<class '__main__.FineGrainedBucket'> : 0.2693253868704259) (<class '__main__.CoarseGrainedCountingBloomBucket'> : 0.07067755577561548) (<class '__main__.CoarseGrainedBloomBucket'> : 0.0) (<class '__main__.CoarseGrainedSimpleBucket'> : 0.0) (<class '__main__.CoarseGrainedSimpleBucket'> : 0.0) (<class '__main__.CoarseGrainedSimpleBucket'> : 0.0) (<class '__main__.CoarseGrainedSimpleBucket'> : 0.0) (<class '__main__.CoarseGrainedSimpleBucket'> : 0.0) (<class '__main__.CoarseGrainedCountingBloomBucket'> : 0.03678176619586748) (<class '__main__.FineGrainedBucket'> : 0.4341303300983375) (<class '__main__.CoarseGrainedCountingBloomBucket'> : 0.3619709923067265) (<class '__main__.CoarseGrainedBloomBucket'> : 0.0) (<class '__main__.CoarseGrainedSimpleBucket'> : 0.0) (<class '__main__.CoarseGrainedSimpleBucket'> : 0.0) (<class '__main__.CoarseGrainedSimpleBucket'> : 0.0) (<class '__main__.CoarseGrainedSimpleBucket'> : 0.0) (<class '__main__.CoarseGrainedSimpleBucket'> : 0.0) (<class '__main__.CoarseGrainedSimpleBucket'> : 0.0) (<class '__main__.FineGrainedBucket'> : 0.0) 
25,25,width,0.19859009142699613,1.7338827793640275,43,807.8173076923077,189.9206730769231,79.0,220.00000000000003,(<class '__main__.CoarseGrainedBloomBucket'> : 0.020823168251814142) (<class '__main__.CoarseGrainedBloomBucket'> : 0.05100613704506706) (<class '__main__.FineGrainedBucket'> : 0.18478728707195913) (<class '__main__.FineGrainedBucket'> : 0.27368805061874824) (<class '__main__.FineGrainedBucket'> : 0.404312793129709) (<class '__main__.FineGrainedBucket'> : 0.29040668614967113) (<class '__main__.FineGrainedBucket'> : 0.14687346839425144) (<class '__main__.CoarseGrainedBloomBucket'> : 0.0) (<class '__main__.CoarseGrainedSimpleBucket'> : 0.0) (<class '__main__.CoarseGrainedSimpleBucket'> : 0.0) (<class '__main__.CoarseGrainedSimpleBucket'> : 0.0) (<class '__main__.CoarseGrainedSimpleBucket'> : 0.0) (<class '__main__.CoarseGrainedSimpleBucket'> : 0.0) (<class '__main__.CoarseGrainedSimpleBucket'> : 0.0) (<class '__main__.CoarseGrainedCountingBloomBucket'> : 0.15927524491480555) (<class '__main__.CoarseGrainedCountingBloomBucket'> : 0.7607996660291122) (<class '__main__.CoarseGrainedBloomBucket'> : 0.018034370192479013) (<class '__main__.CoarseGrainedBloomBucket'> : 0.0) (<class '__main__.CoarseGrainedSimpleBucket'> : 0.0) (<class '__main__.CoarseGrainedSimpleBucket'> : 0.0) (<class '__main__.CoarseGrainedSimpleBucket'> : 0.0) (<class '__main__.CoarseGrainedSimpleBucket'> : 0.0) (<class '__main__.CoarseGrainedSimpleBucket'> : 0.0) (<class '__main__.CoarseGrainedSimpleBucket'> : 0.0) (<class '__main__.FineGrainedBucket'> : 0.0) 
26,26,width,0.17768539806999525,2.454094171543451,41,1140.4759615384614,269.53125,75.0,280.0,(<class '__main__.CoarseGrainedBloomBucket'> : 0.018390723606451265) (<class '__main__.CoarseGrainedBloomBucket'> : 0.04748464416832624) (<class '__main__.FineGrainedBucket'> : 0.16687322787864475) (<class '__main__.FineGrainedBucket'> : 0.25790763315163917) (<class '__main__.FineGrainedBucket'> : 0.4098560255364628) (<class '__main__.FineGrainedBucket'> : 0.29975563140153594) (<class '__main__.FineGrainedBucket'> : 0.20396299153663322) (<class '__main__.CoarseGrainedBloomBucket'> : 0.0) (<class '__main__.CoarseGrainedBloomBucket'> : 0.0) (<class '__main__.CoarseGrainedSimpleBucket'> : 0.0) (<class '__main__.CoarseGrainedSimpleBucket'> : 0.0) (<class '__main__.CoarseGrainedSimpleBucket'> : 0.0) (<class '__main__.CoarseGrainedSimpleBucket'> : 0.0) (<class '__main__.CoarseGrainedSimpleBucket'> : 0.0) (<class '__main__.CoarseGrainedCountingBloomBucket'> : 0.018390723606451265) (<class '__main__.CoarseGrainedCountingBloomBucket'> : 0.30163029402371005) (<class '__main__.CoarseGrainedCountingBloomBucket'> : 0.5771875206961344) (<class '__main__.CoarseGrainedBloomBucket'> : 0.0) (<class '__main__.CoarseGrainedSimpleBucket'> : 0.0) (<class '__main__.CoarseGrainedSimpleBucket'> : 0.0) (<class '__main__.CoarseGrainedSimpleBucket'> : 0.0) (<class '__main__.CoarseGrainedSimpleBucket'> : 0.0) (<class '__main__.CoarseGrainedSimpleBucket'> : 0.0) (<class '__main__.CoarseGrainedSimpleBucket'> : 0.0) (<class '__main__.CoarseGrainedSimpleBucket'> : 0.0) (<class '__main__.CoarseGrainedBloomBucket'> : 0.0) 
27,27,width,0.17189264275187155,3.0930931712498366,42,1417.7259615384617,344.63942307692304,75.0,273.3333333333333,(<class '__main__.CoarseGrainedBloomBucket'> : 0.01081982449954202) (<class '__main__.CoarseGrainedBloomBucket'> : 0.03588529816247577) (<class '__main__.FineGrainedBucket'> : 0.15301542549749012) (<class '__main__.FineGrainedBucket'> : 0.2528229752251282) (<class '__main__.FineGrainedBucket'> : 0.3969563433960938) (<class '__main__.FineGrainedBucket'> : 0.3245947349862606) (<class '__main__.FineGrainedBucket'> : 0.24072589825243235) (<class '__main__.CoarseGrainedCountingBloomBucket'> : 0.018741582819745837) (<class '__main__.CoarseGrainedBloomBucket'> : 0.0) (<class '__main__.CoarseGrainedSimpleBucket'> : 0.0) (<class '__main__.CoarseGrainedSimpleBucket'> : 0.0) (<class '__main__.CoarseGrainedSimpleBucket'> : 0.0) (<class '__main__.CoarseGrainedSimpleBucket'> : 0.0) (<class '__main__.CoarseGrainedSimpleBucket'> : 0.0) (<class '__main__.CoarseGrainedSimpleBucket'> : 0.0) (<class '__main__.CoarseGrainedCountingBloomBucket'> : 0.09053044582028277) (<class '__main__.CoarseGrainedCountingBloomBucket'> : 0.5985581551705567) (<class '__main__.CoarseGrainedCountingBloomBucket'> : 0.14597595765429935) (<class '__main__.CoarseGrainedBloomBucket'> : 0.0) (<class '__main__.CoarseGrainedSimpleBucket'> : 0.0) (<class '__main__.CoarseGrainedSimpleBucket'> : 0.0) (<class '__main__.CoarseGrainedSimpleBucket'> : 0.0) (<class '__main__.CoarseGrainedSimpleBucket'> : 0.0) (<class '__main__.CoarseGrainedSimpleBucket'> : 0.0) (<class '__main__.CoarseGrainedSimpleBucket'> : 0.0) (<class '__main__.CoarseGrainedSimpleBucket'> : 0.0) (<class '__main__.CoarseGrainedBloomBucket'> : 0.0) 
28,28,width,0.18341342114517104,3.1539417177867053,46,1452.7740384615386,349.6298076923077,90.0,273.3333333333333,(<class '__main__.CoarseGrainedBloomBucket'> : 0.0) (<class '__main__.CoarseGrainedBloomBucket'> : 0.03654364047740719) (<class '__main__.FineGrainedBucket'> : 0.13805918115618948) (<class '__main__.FineGrainedBucket'> : 0.2461306733519735) (<class '__main__.FineGrainedBucket'> : 0.3570344447744112) (<class '__main__.FineGrainedBucket'> : 0.37251055441153713) (<class '__main__.FineGrainedBucket'> : 0.2662859513153051) (<class '__main__.CoarseGrainedCountingBloomBucket'> : 0.07055596877976855) (<class '__main__.CoarseGrainedBloomBucket'> : 0.0) (<class '__main__.CoarseGrainedSimpleBucket'> : 0.0) (<class '__main__.CoarseGrainedSimpleBucket'> : 0.0) (<class '__main__.CoarseGrainedSimpleBucket'> : 0.0) (<class '__main__.CoarseGrainedSimpleBucket'> : 0.0) (<class '__main__.CoarseGrainedSimpleBucket'> : 0.0) (<class '__main__.CoarseGrainedSimpleBucket'> : 0.0) (<class '__main__.CoarseGrainedCountingBloomBucket'> : 0.0) (<class '__main__.CoarseGrainedCountingBloomBucket'> : 0.23034699419954544) (<class '__main__.CoarseGrainedCountingBloomBucket'> : 0.682288239221013) (<class '__main__.CoarseGrainedBloomBucket'> : 0.01558320661207814) (<class '__main__.CoarseGrainedBloomBucket'> : 0.0) (<class '__main__.CoarseGrainedSimpleBucket'> : 0.0) (<class '__main__.CoarseGrainedSimpleBucket'> : 0.0) (<class '__main__.CoarseGrainedSimpleBucket'> : 0.0) (<class '__main__.CoarseGrainedSimpleBucket'> : 0.0) (<class '__main__.CoarseGrainedSimpleBucket'> : 0.0) (<class '__main__.CoarseGrainedSimpleBucket'> : 0.0) (<class '__main__.CoarseGrainedSimpleBucket'> : 0.0) (<class '__main__.FineGrainedBucket'> : 0.0) 
29,29,width,0.0,0.19942602260616524,74,61.88461538461538,29.60096153846154,214.0,0.0,(<class '__main__.FineGrainedBucket'> : 0.0) (<class '__main__.FineGrainedBucket'> : 0.0) (<class '__main__.FineGrainedBucket'> : 0.0) (<class '__main__.FineGrainedBucket'> : 0.0) (<class '__main__.FineGrainedBucket'> : 0.0) (<class '__main__.FineGrainedBucket'> : 0.0) (<class '__main__.FineGrainedBucket'> : 0.0) (<class '__main__.FineGrainedBucket'> : 0.0) (<class '__main__.FineGrainedBucket'> : 0.0) (<class '__main__.FineGrainedBucket'> : 0.0) (<class '__main__.CoarseGrainedSimpleBucket'> : 0.0) (<class '__main__.CoarseGrainedSimpleBucket'> : 0.0) (<class '__main__.CoarseGrainedSimpleBucket'> : 0.0) (<class '__main__.CoarseGrainedSimpleBucket'> : 0.0) (<class '__main__.CoarseGrainedSimpleBucket'> : 0.0) (<class '__main__.CoarseGrainedSimpleBucket'> : 0.0) (<class '__main__.FineGrainedBucket'> : 0.0) (<class '__main__.FineGrainedBucket'> : 0.0) (<class '__main__.FineGrainedBucket'> : 0.0) (<class '__main__.FineGrainedBucket'> : 0.0) (<class '__main__.CoarseGrainedSimpleBucket'> : 0.0) (<class '__main__.CoarseGrainedSimpleBucket'> : 0.0) (<class '__main__.CoarseGrainedSimpleBucket'> : 0.0) (<class '__main__.CoarseGrainedSimpleBucket'> : 0.0) (<class '__main__.CoarseGrainedSimpleBucket'> : 0.0) (<class '__main__.CoarseGrainedSimpleBucket'> : 0.0) (<class '__main__.CoarseGrainedSimpleBucket'> : 0.0) (<class '__main__.CoarseGrainedSimpleBucket'> : 0.0) (<class '__main__.FineGrainedBucket'> : 0.0) 
30,30,width,0.0,0.20365389559700017,75,62.81250000000001,30.32451923076923,225.0,0.0,(<class '__main__.FineGrainedBucket'> : 0.0) (<class '__main__.FineGrainedBucket'> : 0.0) (<class '__main__.FineGrainedBucket'> : 0.0) (<class '__main__.FineGrainedBucket'> : 0.0) (<class '__main__.FineGrainedBucket'> : 0.0) (<class '__main__.FineGrainedBucket'> : 0.0) (<class '__main__.FineGrainedBucket'> : 0.0) (<class '__main__.FineGrainedBucket'> : 0.0) (<class '__main__.FineGrainedBucket'> : 0.0) (<class '__main__.FineGrainedBucket'> : 0.0) (<class '__main__.CoarseGrainedSimpleBucket'> : 0.0) (<class '__main__.CoarseGrainedSimpleBucket'> : 0.0) (<class '__main__.CoarseGrainedSimpleBucket'> : 0.0) (<class '__main__.CoarseGrainedSimpleBucket'> : 0.0) (<class '__main__.CoarseGrainedSimpleBucket'> : 0.0) (<class '__main__.CoarseGrainedSimpleBucket'> : 0.0) (<class '__main__.CoarseGrainedSimpleBucket'> : 0.0) (<class '__main__.FineGrainedBucket'> : 0.0) (<class '__main__.FineGrainedBucket'> : 0.0) (<class '__main__.FineGrainedBucket'> : 0.0) (<class '__main__.FineGrainedBucket'> : 0.0) (<class '__main__.CoarseGrainedSimpleBucket'> : 0.0) (<class '__main__.CoarseGrainedSimpleBucket'> : 0.0) (<class '__main__.CoarseGrainedSimpleBucket'> : 0.0) (<class '__main__.CoarseGrainedSimpleBucket'> : 0.0) (<class '__main__.CoarseGrainedSimpleBucket'> : 0.0) (<class '__main__.CoarseGrainedSimpleBucket'> : 0.0) (<class '__main__.CoarseGrainedSimpleBucket'> : 0.0) (<class '__main__.CoarseGrainedSimpleBucket'> : 0.0) (<class '__main__.FineGrainedBucket'> : 0.0) 
31,31,width,0.0,0.21300301928927298,79,66.07211538461539,31.622596153846157,240.0,0.0,(<class '__main__.FineGrainedBucket'> : 0.0) (<class '__main__.FineGrainedBucket'> : 0.0) (<class '__main__.FineGrainedBucket'> : 0.0) (<class '__main__.FineGrainedBucket'> : 0.0) (<class '__main__.FineGrainedBucket'> : 0.0) (<class '__main__.FineGrainedBucket'> : 0.0) (<class '__main__.FineGrainedBucket'> : 0.0) (<class '__main__.FineGrainedBucket'> : 0.0) (<class '__main__.FineGrainedBucket'> : 0.0) (<class '__main__.FineGrainedBucket'> : 0.0) (<class '__main__.CoarseGrainedSimpleBucket'> : 0.0) (<class '__main__.CoarseGrainedSimpleBucket'> : 0.0) (<class '__main__.CoarseGrainedSimpleBucket'> : 0.0) (<class '__main__.CoarseGrainedSimpleBucket'> : 0.0) (<class '__main__.CoarseGrainedSimpleBucket'> : 0.0) (<class '__main__.CoarseGrainedSimpleBucket'> : 0.0) (<class '__main__.CoarseGrainedSimpleBucket'> : 0.0) (<class '__main__.FineGrainedBucket'> : 0.0) (<class '__main__.FineGrainedBucket'> : 0.0) (<class '__main__.FineGrainedBucket'> : 0.0) (<class '__main__.FineGrainedBucket'> : 0.0) (<class '__main__.FineGrainedBucket'> : 0.0) (<class '__main__.CoarseGrainedSimpleBucket'> : 0.0) (<class '__main__.CoarseGrainedSimpleBucket'> : 0.0) (<class '__main__.CoarseGrainedSimpleBucket'> : 0.0) (<class '__main__.CoarseGrainedSimpleBucket'> : 0.0) (<class '__main__.CoarseGrainedSimpleBucket'> : 0.0) (<class '__main__.CoarseGrainedSimpleBucket'> : 0.0) (<class '__main__.CoarseGrainedSimpleBucket'> : 0.0) (<class '__main__.CoarseGrainedSimpleBucket'> : 0.0) (<class '__main__.FineGrainedBucket'> : 0.0) 
32,32,width,0.0,0.21723082197013355,80,67.0,32.34615384615385,240.0,0.0,(<class '__main__.FineGrainedBucket'> : 0.0) (<class '__main__.FineGrainedBucket'> : 0.0) (<class '__main__.FineGrainedBucket'> : 0.0) (<class '__main__.FineGrainedBucket'> : 0.0) (<class '__main__.FineGrainedBucket'> : 0.0) (<class '__main__.FineGrainedBucket'> : 0.0) (<class '__main__.FineGrainedBucket'> : 0.0) (<class '__main__.FineGrainedBucket'> : 0.0) (<class '__main__.FineGrainedBucket'> : 0.0) (<class '__main__.FineGrainedBucket'> : 0.0) (<class '__main__.FineGrainedBucket'> : 0.0) (<class '__main__.CoarseGrainedSimpleBucket'> : 0.0) (<class '__main__.CoarseGrainedSimpleBucket'> : 0.0) (<class '__main__.CoarseGrainedSimpleBucket'> : 0.0) (<class '__main__.CoarseGrainedSimpleBucket'> : 0.0) (<class '__main__.CoarseGrainedSimpleBucket'> : 0.0) (<class '__main__.CoarseGrainedSimpleBucket'> : 0.0) (<class '__main__.CoarseGrainedSimpleBucket'> : 0.0) (<class '__main__.FineGrainedBucket'> : 0.0) (<class '__main__.FineGrainedBucket'> : 0.0) (<class '__main__.FineGrainedBucket'> : 0.0) (<class '__main__.FineGrainedBucket'> : 0.0) (<class '__main__.CoarseGrainedSimpleBucket'> : 0.0) (<class '__main__.CoarseGrainedSimpleBucket'> : 0.0) (<class '__main__.CoarseGrainedSimpleBucket'> : 0.0) (<class '__main__.CoarseGrainedSimpleBucket'> : 0.0) (<class '__main__.CoarseGrainedSimpleBucket'> : 0.0) (<class '__main__.CoarseGrainedSimpleBucket'> : 0.0) (<class '__main__.CoarseGrainedSimpleBucket'> : 0.0) (<class '__main__.CoarseGrainedSimpleBucket'> : 0.0) (<class '__main__.CoarseGrainedSimpleBucket'> : 0.0) (<class '__main__.FineGrainedBucket'> : 0.0) 
33,33,width,0.0,0.22657987535243193,84,70.25961538461539,33.644230769230774,244.0,0.0,(<class '__main__.FineGrainedBucket'> : 0.0) (<class '__main__.FineGrainedBucket'> : 0.0) (<class '__main__.FineGrainedBucket'> : 0.0) (<class '__main__.FineGrainedBucket'> : 0.0) (<class '__main__.FineGrainedBucket'> : 0.0) (<class '__main__.FineGrainedBucket'> : 0.0) (<class '__main__.FineGrainedBucket'> : 0.0) (<class '__main__.FineGrainedBucket'> : 0.0) (<class '__main__.FineGrainedBucket'> : 0.0) (<class '__main__.FineGrainedBucket'> : 0.0) (<class '__main__.FineGrainedBucket'> : 0.0) (<class '__main__.CoarseGrainedSimpleBucket'> : 0.0) (<class '__main__.CoarseGrainedSimpleBucket'> : 0.0) (<class '__main__.CoarseGrainedSimpleBucket'> : 0.0) (<class '__main__.CoarseGrainedSimpleBucket'> : 0.0) (<class '__main__.CoarseGrainedSimpleBucket'> : 0.0) (<class '__main__.CoarseGrainedSimpleBucket'> : 0.0) (<class '__main__.CoarseGrainedSimpleBucket'> : 0.0) (<class '__main__.FineGrainedBucket'> : 0.0) (<class '__main__.FineGrainedBucket'> : 0.0) (<class '__main__.FineGrainedBucket'> : 0.0) (<class '__main__.FineGrainedBucket'> : 0.0) (<class '__main__.FineGrainedBucket'> : 0.0) (<class '__main__.CoarseGrainedSimpleBucket'> : 0.0) (<class '__main__.CoarseGrainedSimpleBucket'> : 0.0) (<class '__main__.CoarseGrainedSimpleBucket'> : 0.0) (<class '__main__.CoarseGrainedSimpleBucket'> : 0.0) (<class '__main__.CoarseGrainedSimpleBucket'> : 0.0) (<class '__main__.CoarseGrainedSimpleBucket'> : 0.0) (<class '__main__.CoarseGrainedSimpleBucket'> : 0.0) (<class '__main__.CoarseGrainedSimpleBucket'> : 0.0) (<class '__main__.CoarseGrainedSimpleBucket'> : 0.0) (<class '__main__.FineGrainedBucket'> : 0.0) 
