max # buckets,actual # buckets,ground truth split strategy,algorithm,overall err,weighted res. consumption,latency (cycles),LUTs (%),FFs (%),BRAM (%),DSPs (%),(bucket type : per bucket err)
9,9,depth-count,greedy_min_error_histogram,0.3806272311689565,0.16023304407213282,30,82.41346153846155,15.610576923076923,94.0,66.66666666666666,(<class '__main__.CoarseGrainedBloomBucket'> : 0.3267429739480405) (<class '__main__.FineGrainedBucket'> : 0.22173815945662811) (<class '__main__.FineGrainedBucket'> : 0.16999290189527191) (<class '__main__.FineGrainedBucket'> : 0.22121452945857717) (<class '__main__.FineGrainedBucket'> : 0.21456930882850714) (<class '__main__.FineGrainedBucket'> : 0.1790799205001695) (<class '__main__.FineGrainedBucket'> : 0.19332334386640682) (<class '__main__.CoarseGrainedBloomBucket'> : 0.3229869487476126) (<class '__main__.FineGrainedBucket'> : 0.5098942212362488)
9,9,depth-count,greedy_avg_res_histogram,0.2782294255060841,0.1602329737621584,30,82.41346153846155,15.610576923076923,83.0,66.66666666666666,(<class '__main__.CoarseGrainedBloomBucket'> : 0.3267429739480405) (<class '__main__.FineGrainedBucket'> : 0.22173815945662811) (<class '__main__.FineGrainedBucket'> : 0.36121530110739564) (<class '__main__.FineGrainedBucket'> : 0.4708063855856003) (<class '__main__.FineGrainedBucket'> : 0.21456930882850714) (<class '__main__.FineGrainedBucket'> : 0.1790799205001695) (<class '__main__.CoarseGrainedBloomBucket'> : 0.3399376588081281) (<class '__main__.FineGrainedBucket'> : 0.16913631207516353) (<class '__main__.FineGrainedBucket'> : 0.22701191488656952)
9,9,depth-count,simulated_annealing_histogram_middle,0.2717755556516681,0.16023304407213282,30,82.41346153846155,15.610576923076923,94.0,66.66666666666666,(<class '__main__.CoarseGrainedBloomBucket'> : 0.3267429739480405) (<class '__main__.FineGrainedBucket'> : 0.22173815945662811) (<class '__main__.FineGrainedBucket'> : 0.16999290189527191) (<class '__main__.FineGrainedBucket'> : 0.22121452945857717) (<class '__main__.FineGrainedBucket'> : 0.21456930882850714) (<class '__main__.CoarseGrainedBloomBucket'> : 0.3165954633719591) (<class '__main__.FineGrainedBucket'> : 0.19332334386640682) (<class '__main__.FineGrainedBucket'> : 0.3582859886392972) (<class '__main__.FineGrainedBucket'> : 0.22701191488656952)
9,9,depth-count,simulated_annealing_histogram_last,0.2652696762762161,0.16023304407213282,30,82.41346153846155,15.610576923076923,94.0,66.66666666666666,(<class '__main__.CoarseGrainedBloomBucket'> : 0.3267429739480405) (<class '__main__.FineGrainedBucket'> : 0.22173815945662811) (<class '__main__.FineGrainedBucket'> : 0.36121530110739564) (<class '__main__.FineGrainedBucket'> : 0.22121452945857717) (<class '__main__.FineGrainedBucket'> : 0.21456930882850714) (<class '__main__.FineGrainedBucket'> : 0.1790799205001695) (<class '__main__.CoarseGrainedBloomBucket'> : 0.3399376588081281) (<class '__main__.FineGrainedBucket'> : 0.16913631207516353) (<class '__main__.FineGrainedBucket'> : 0.22701191488656952)
9,9,depth-count,simulated_annealing_histogram_random,0.2846246498772885,0.16023304407213282,30,82.41346153846155,15.610576923076923,94.0,66.66666666666666,(<class '__main__.FineGrainedBucket'> : 0.2598409699944077) (<class '__main__.FineGrainedBucket'> : 0.22173815945662811) (<class '__main__.FineGrainedBucket'> : 0.36121530110739564) (<class '__main__.FineGrainedBucket'> : 0.22121452945857717) (<class '__main__.FineGrainedBucket'> : 0.21456930882850714) (<class '__main__.FineGrainedBucket'> : 0.1790799205001695) (<class '__main__.CoarseGrainedBloomBucket'> : 0.3399376588081281) (<class '__main__.FineGrainedBucket'> : 0.16913631207516353) (<class '__main__.CoarseGrainedBloomBucket'> : 0.33349285290940867)
9,9,depth-distinct,greedy_min_error_histogram,0.3806272311689565,0.16023304407213282,30,82.41346153846155,15.610576923076923,94.0,66.66666666666666,(<class '__main__.CoarseGrainedBloomBucket'> : 0.3267429739480405) (<class '__main__.FineGrainedBucket'> : 0.22173815945662811) (<class '__main__.FineGrainedBucket'> : 0.16999290189527191) (<class '__main__.FineGrainedBucket'> : 0.22121452945857717) (<class '__main__.FineGrainedBucket'> : 0.21456930882850714) (<class '__main__.FineGrainedBucket'> : 0.1790799205001695) (<class '__main__.FineGrainedBucket'> : 0.19332334386640682) (<class '__main__.CoarseGrainedBloomBucket'> : 0.3229869487476126) (<class '__main__.FineGrainedBucket'> : 0.5098942212362488)
9,9,depth-distinct,greedy_avg_res_histogram,0.2782294255060841,0.1602329737621584,30,82.41346153846155,15.610576923076923,83.0,66.66666666666666,(<class '__main__.CoarseGrainedBloomBucket'> : 0.3267429739480405) (<class '__main__.FineGrainedBucket'> : 0.22173815945662811) (<class '__main__.FineGrainedBucket'> : 0.36121530110739564) (<class '__main__.FineGrainedBucket'> : 0.4708063855856003) (<class '__main__.FineGrainedBucket'> : 0.21456930882850714) (<class '__main__.FineGrainedBucket'> : 0.1790799205001695) (<class '__main__.CoarseGrainedBloomBucket'> : 0.3399376588081281) (<class '__main__.FineGrainedBucket'> : 0.16913631207516353) (<class '__main__.FineGrainedBucket'> : 0.22701191488656952)
9,9,depth-distinct,simulated_annealing_histogram_middle,0.26800003939644346,0.16023304407213282,30,82.41346153846155,15.610576923076923,94.0,66.66666666666666,(<class '__main__.CoarseGrainedBloomBucket'> : 0.3267429739480405) (<class '__main__.FineGrainedBucket'> : 0.22173815945662811) (<class '__main__.FineGrainedBucket'> : 0.16999290189527191) (<class '__main__.CoarseGrainedBloomBucket'> : 0.32636580420527794) (<class '__main__.FineGrainedBucket'> : 0.21456930882850714) (<class '__main__.FineGrainedBucket'> : 0.1790799205001695) (<class '__main__.FineGrainedBucket'> : 0.4059532173984177) (<class '__main__.FineGrainedBucket'> : 0.16913631207516353) (<class '__main__.FineGrainedBucket'> : 0.22701191488656952)
9,9,depth-distinct,simulated_annealing_histogram_last,0.2534229280493764,0.16023304407213282,30,82.41346153846155,15.610576923076923,94.0,66.66666666666666,(<class '__main__.FineGrainedBucket'> : 0.2598409699944077) (<class '__main__.FineGrainedBucket'> : 0.22173815945662811) (<class '__main__.FineGrainedBucket'> : 0.36121530110739564) (<class '__main__.FineGrainedBucket'> : 0.22121452945857717) (<class '__main__.FineGrainedBucket'> : 0.21456930882850714) (<class '__main__.FineGrainedBucket'> : 0.1790799205001695) (<class '__main__.CoarseGrainedBloomBucket'> : 0.3399376588081281) (<class '__main__.CoarseGrainedBloomBucket'> : 0.3229869487476126) (<class '__main__.FineGrainedBucket'> : 0.22701191488656952)
9,9,depth-distinct,simulated_annealing_histogram_random,0.26544272146786596,0.16023304407213282,30,82.41346153846155,15.610576923076923,94.0,66.66666666666666,(<class '__main__.CoarseGrainedBloomBucket'> : 0.3267429739480405) (<class '__main__.FineGrainedBucket'> : 0.22173815945662811) (<class '__main__.FineGrainedBucket'> : 0.36121530110739564) (<class '__main__.FineGrainedBucket'> : 0.22121452945857717) (<class '__main__.FineGrainedBucket'> : 0.21456930882850714) (<class '__main__.CoarseGrainedBloomBucket'> : 0.3165954633719591) (<class '__main__.FineGrainedBucket'> : 0.19332334386640682) (<class '__main__.FineGrainedBucket'> : 0.16913631207516353) (<class '__main__.FineGrainedBucket'> : 0.22701191488656952)
9,9,width,greedy_min_error_histogram,0.1932155456954888,0.1725289035356355,27,93.0576923076923,15.728365384615383,90.0,100.0,(<class '__main__.CoarseGrainedBloomBucket'> : 0.02048102676961586) (<class '__main__.FineGrainedBucket'> : 0.06401502354152779) (<class '__main__.FineGrainedBucket'> : 0.2711834649197767) (<class '__main__.FineGrainedBucket'> : 0.3303651920275558) (<class '__main__.FineGrainedBucket'> : 0.2700830643379452) (<class '__main__.FineGrainedBucket'> : 0.2344823793844278) (<class '__main__.FineGrainedBucket'> : 0.1442045024431273) (<class '__main__.CoarseGrainedBloomBucket'> : 0.008336574931126203) (<class '__main__.CoarseGrainedBloomBucket'> : 0.0)
9,9,width,greedy_avg_res_histogram,0.33725585353626275,0.17252876291568664,27,93.0576923076923,15.728365384615383,68.0,100.0,(<class '__main__.FineGrainedBucket'> : 0.06401502354152779) (<class '__main__.CoarseGrainedBloomBucket'> : 0.019519224665711852) (<class '__main__.FineGrainedBucket'> : 0.2711834649197767) (<class '__main__.FineGrainedBucket'> : 0.7573504181082691) (<class '__main__.FineGrainedBucket'> : 0.2700830643379452) (<class '__main__.FineGrainedBucket'> : 0.527508971519809) (<class '__main__.FineGrainedBucket'> : 0.1442045024431273) (<class '__main__.CoarseGrainedBloomBucket'> : 0.008336574931126203) (<class '__main__.CoarseGrainedBloomBucket'> : 0.0)
9,9,width,simulated_annealing_histogram_first,0.19652261919292557,0.1725289035356355,27,93.0576923076923,15.728365384615383,90.0,100.0,(<class '__main__.FineGrainedBucket'> : 0.06401502354152779) (<class '__main__.CoarseGrainedBloomBucket'> : 0.019519224665711852) (<class '__main__.FineGrainedBucket'> : 0.2711834649197767) (<class '__main__.FineGrainedBucket'> : 0.3303651920275558) (<class '__main__.FineGrainedBucket'> : 0.2700830643379452) (<class '__main__.FineGrainedBucket'> : 0.2344823793844278) (<class '__main__.CoarseGrainedBloomBucket'> : 0.16835739094778487) (<class '__main__.CoarseGrainedBloomBucket'> : 0.0643630788575996) (<class '__main__.FineGrainedBucket'> : 0.004016659813718749)
9,9,width,simulated_annealing_histogram_middle,0.2045718600139532,0.13448324316441315,30,66.51923076923076,13.764423076923077,80.0,66.66666666666666,(<class '__main__.FineGrainedBucket'> : 0.06401502354152779) (<class '__main__.CoarseGrainedBloomBucket'> : 0.14287726406224044) (<class '__main__.FineGrainedBucket'> : 0.2711834649197767) (<class '__main__.FineGrainedBucket'> : 0.3303651920275558) (<class '__main__.FineGrainedBucket'> : 0.2700830643379452) (<class '__main__.FineGrainedBucket'> : 0.2344823793844278) (<class '__main__.CoarseGrainedBloomBucket'> : 0.16835739094778487) (<class '__main__.FineGrainedBucket'> : 0.09753258258948559) (<class '__main__.FineGrainedBucket'> : 0.06057857279656045)
9,9,width,simulated_annealing_histogram_last,0.19438316373066222,0.1725289035356355,27,93.0576923076923,15.728365384615383,90.0,100.0,(<class '__main__.CoarseGrainedBloomBucket'> : 0.02048102676961586) (<class '__main__.FineGrainedBucket'> : 0.06401502354152779) (<class '__main__.FineGrainedBucket'> : 0.2711834649197767) (<class '__main__.FineGrainedBucket'> : 0.3303651920275558) (<class '__main__.FineGrainedBucket'> : 0.2700830643379452) (<class '__main__.FineGrainedBucket'> : 0.2344823793844278) (<class '__main__.FineGrainedBucket'> : 0.1442045024431273) (<class '__main__.CoarseGrainedBloomBucket'> : 0.0643630788575996) (<class '__main__.CoarseGrainedBloomBucket'> : 0.0)
9,9,width,simulated_annealing_histogram_random,0.19320448336560614,0.1725289035356355,27,93.0576923076923,15.728365384615383,90.0,100.0,(<class '__main__.FineGrainedBucket'> : 0.06401502354152779) (<class '__main__.CoarseGrainedBloomBucket'> : 0.019519224665711852) (<class '__main__.FineGrainedBucket'> : 0.2711834649197767) (<class '__main__.FineGrainedBucket'> : 0.3303651920275558) (<class '__main__.FineGrainedBucket'> : 0.2700830643379452) (<class '__main__.FineGrainedBucket'> : 0.2344823793844278) (<class '__main__.FineGrainedBucket'> : 0.1442045024431273) (<class '__main__.CoarseGrainedBloomBucket'> : 0.008336574931126203) (<class '__main__.CoarseGrainedBloomBucket'> : 0.0)
10,10,depth-count,greedy_min_error_histogram,0.37545862703096217,0.16958209745443123,34,85.67307692307692,16.908653846153847,98.0,66.66666666666666,(<class '__main__.FineGrainedBucket'> : 0.36601761503547) (<class '__main__.FineGrainedBucket'> : 0.2118746942562525) (<class '__main__.FineGrainedBucket'> : 0.1715550063699334) (<class '__main__.FineGrainedBucket'> : 0.1618924578535696) (<class '__main__.FineGrainedBucket'> : 0.15358708297943213) (<class '__main__.FineGrainedBucket'> : 0.19612293909562192) (<class '__main__.CoarseGrainedBloomBucket'> : 0.2957586116966648) (<class '__main__.FineGrainedBucket'> : 0.1838219375849835) (<class '__main__.CoarseGrainedBloomBucket'> : 0.2888713054354213) (<class '__main__.FineGrainedBucket'> : 0.4848206586498139)
10,10,depth-count,greedy_avg_res_histogram,0.21871889998144067,0.16958209745443123,34,85.67307692307692,16.908653846153847,98.0,66.66666666666666,(<class '__main__.FineGrainedBucket'> : 0.16742609771345965) (<class '__main__.FineGrainedBucket'> : 0.2118746942562525) (<class '__main__.FineGrainedBucket'> : 0.3647760514478119) (<class '__main__.FineGrainedBucket'> : 0.1618924578535696) (<class '__main__.FineGrainedBucket'> : 0.32427223612590883) (<class '__main__.CoarseGrainedBloomBucket'> : 0.29604091278457917) (<class '__main__.FineGrainedBucket'> : 0.18229164406127826) (<class '__main__.FineGrainedBucket'> : 0.1838219375849835) (<class '__main__.CoarseGrainedBloomBucket'> : 0.2888713054354213) (<class '__main__.FineGrainedBucket'> : 0.21413461306672713)
10,10,depth-count,simulated_annealing_histogram_middle,0.2829163488660614,0.1695820271444568,34,85.67307692307692,16.908653846153847,87.0,66.66666666666666,(<class '__main__.FineGrainedBucket'> : 0.36601761503547) (<class '__main__.CoarseGrainedBloomBucket'> : 0.2927671119954301) (<class '__main__.FineGrainedBucket'> : 0.1715550063699334) (<class '__main__.FineGrainedBucket'> : 0.1618924578535696) (<class '__main__.FineGrainedBucket'> : 0.32427223612590883) (<class '__main__.FineGrainedBucket'> : 0.40182882491598854) (<class '__main__.FineGrainedBucket'> : 0.18229164406127826) (<class '__main__.FineGrainedBucket'> : 0.1838219375849835) (<class '__main__.CoarseGrainedBloomBucket'> : 0.2888713054354213) (<class '__main__.FineGrainedBucket'> : 0.21413461306672713)
10,10,depth-count,simulated_annealing_histogram_last,0.25792689206418073,0.16958209745443123,34,85.67307692307692,16.908653846153847,98.0,66.66666666666666,(<class '__main__.CoarseGrainedBloomBucket'> : 0.28818453483009576) (<class '__main__.FineGrainedBucket'> : 0.4516865959199352) (<class '__main__.FineGrainedBucket'> : 0.1715550063699334) (<class '__main__.CoarseGrainedBloomBucket'> : 0.29154486846865735) (<class '__main__.FineGrainedBucket'> : 0.15358708297943213) (<class '__main__.FineGrainedBucket'> : 0.19612293909562192) (<class '__main__.FineGrainedBucket'> : 0.394604102268188) (<class '__main__.FineGrainedBucket'> : 0.1838219375849835) (<class '__main__.FineGrainedBucket'> : 0.17014265017223806) (<class '__main__.FineGrainedBucket'> : 0.21413461306672713)
10,10,depth-count,simulated_annealing_histogram_random,0.26847940877330356,0.16958209745443123,34,85.67307692307692,16.908653846153847,98.0,66.66666666666666,(<class '__main__.CoarseGrainedBloomBucket'> : 0.28818453483009576) (<class '__main__.FineGrainedBucket'> : 0.2118746942562525) (<class '__main__.FineGrainedBucket'> : 0.3647760514478119) (<class '__main__.FineGrainedBucket'> : 0.1618924578535696) (<class '__main__.FineGrainedBucket'> : 0.32427223612590883) (<class '__main__.FineGrainedBucket'> : 0.19612293909562192) (<class '__main__.FineGrainedBucket'> : 0.18229164406127826) (<class '__main__.FineGrainedBucket'> : 0.1838219375849835) (<class '__main__.FineGrainedBucket'> : 0.17014265017223806) (<class '__main__.CoarseGrainedBloomBucket'> : 0.2918472529354177)
10,10,depth-distinct,greedy_min_error_histogram,0.37545862703096217,0.16958209745443123,34,85.67307692307692,16.908653846153847,98.0,66.66666666666666,(<class '__main__.FineGrainedBucket'> : 0.36601761503547) (<class '__main__.FineGrainedBucket'> : 0.2118746942562525) (<class '__main__.FineGrainedBucket'> : 0.1715550063699334) (<class '__main__.FineGrainedBucket'> : 0.1618924578535696) (<class '__main__.FineGrainedBucket'> : 0.15358708297943213) (<class '__main__.FineGrainedBucket'> : 0.19612293909562192) (<class '__main__.CoarseGrainedBloomBucket'> : 0.2957586116966648) (<class '__main__.FineGrainedBucket'> : 0.1838219375849835) (<class '__main__.CoarseGrainedBloomBucket'> : 0.2888713054354213) (<class '__main__.FineGrainedBucket'> : 0.4848206586498139)
10,10,depth-distinct,greedy_avg_res_histogram,0.21871889998144067,0.16958209745443123,34,85.67307692307692,16.908653846153847,98.0,66.66666666666666,(<class '__main__.FineGrainedBucket'> : 0.16742609771345965) (<class '__main__.FineGrainedBucket'> : 0.2118746942562525) (<class '__main__.FineGrainedBucket'> : 0.3647760514478119) (<class '__main__.FineGrainedBucket'> : 0.1618924578535696) (<class '__main__.FineGrainedBucket'> : 0.32427223612590883) (<class '__main__.CoarseGrainedBloomBucket'> : 0.29604091278457917) (<class '__main__.FineGrainedBucket'> : 0.18229164406127826) (<class '__main__.FineGrainedBucket'> : 0.1838219375849835) (<class '__main__.CoarseGrainedBloomBucket'> : 0.2888713054354213) (<class '__main__.FineGrainedBucket'> : 0.21413461306672713)
10,10,depth-distinct,simulated_annealing_histogram_middle,0.23210026367512915,0.16958209745443123,34,85.67307692307692,16.908653846153847,98.0,66.66666666666666,(<class '__main__.FineGrainedBucket'> : 0.16742609771345965) (<class '__main__.FineGrainedBucket'> : 0.2118746942562525) (<class '__main__.FineGrainedBucket'> : 0.1715550063699334) (<class '__main__.FineGrainedBucket'> : 0.1618924578535696) (<class '__main__.FineGrainedBucket'> : 0.15358708297943213) (<class '__main__.CoarseGrainedBloomBucket'> : 0.29604091278457917) (<class '__main__.FineGrainedBucket'> : 0.394604102268188) (<class '__main__.CoarseGrainedBloomBucket'> : 0.2944514770291373) (<class '__main__.FineGrainedBucket'> : 0.3610990997455295) (<class '__main__.FineGrainedBucket'> : 0.21413461306672713)
10,10,depth-distinct,simulated_annealing_histogram_last,0.21983041547517554,0.16958209745443123,34,85.67307692307692,16.908653846153847,98.0,66.66666666666666,(<class '__main__.FineGrainedBucket'> : 0.16742609771345965) (<class '__main__.CoarseGrainedBloomBucket'> : 0.2927671119954301) (<class '__main__.CoarseGrainedBloomBucket'> : 0.3059398443471679) (<class '__main__.FineGrainedBucket'> : 0.1618924578535696) (<class '__main__.FineGrainedBucket'> : 0.32427223612590883) (<class '__main__.FineGrainedBucket'> : 0.19612293909562192) (<class '__main__.FineGrainedBucket'> : 0.18229164406127826) (<class '__main__.FineGrainedBucket'> : 0.3806866917931157) (<class '__main__.FineGrainedBucket'> : 0.17014265017223806) (<class '__main__.FineGrainedBucket'> : 0.21413461306672713)
10,10,depth-distinct,simulated_annealing_histogram_random,0.27973252031802465,0.16958209745443123,34,85.67307692307692,16.908653846153847,98.0,66.66666666666666,(<class '__main__.FineGrainedBucket'> : 0.36601761503547) (<class '__main__.FineGrainedBucket'> : 0.2118746942562525) (<class '__main__.FineGrainedBucket'> : 0.1715550063699334) (<class '__main__.FineGrainedBucket'> : 0.1618924578535696) (<class '__main__.FineGrainedBucket'> : 0.15358708297943213) (<class '__main__.FineGrainedBucket'> : 0.19612293909562192) (<class '__main__.CoarseGrainedBloomBucket'> : 0.2957586116966648) (<class '__main__.FineGrainedBucket'> : 0.3806866917931157) (<class '__main__.CoarseGrainedBloomBucket'> : 0.2888713054354213) (<class '__main__.FineGrainedBucket'> : 0.21413461306672713)
10,10,width,greedy_min_error_histogram,0.19236797795540944,0.18187795691793388,31,96.3173076923077,17.026442307692307,94.0,100.0,(<class '__main__.CoarseGrainedBloomBucket'> : 0.01911592143713721) (<class '__main__.CoarseGrainedBloomBucket'> : 0.011263314572968159) (<class '__main__.FineGrainedBucket'> : 0.21207085701527326) (<class '__main__.FineGrainedBucket'> : 0.33570494275842244) (<class '__main__.FineGrainedBucket'> : 0.285282795667721) (<class '__main__.FineGrainedBucket'> : 0.26363866848367085) (<class '__main__.FineGrainedBucket'> : 0.21777465272639357) (<class '__main__.FineGrainedBucket'> : 0.11459329102357436) (<class '__main__.CoarseGrainedBloomBucket'> : 0.012647401176456682) (<class '__main__.FineGrainedBucket'> : 0.01677208614227851)
10,10,width,greedy_avg_res_histogram,0.28655070676653316,0.18187788660795945,31,96.3173076923077,17.026442307692307,83.0,100.0,(<class '__main__.FineGrainedBucket'> : 0.13792187494253613) (<class '__main__.FineGrainedBucket'> : 0.05614491297930952) (<class '__main__.FineGrainedBucket'> : 0.4604367456031082) (<class '__main__.FineGrainedBucket'> : 0.33570494275842244) (<class '__main__.CoarseGrainedBloomBucket'> : 0.5917191484503951) (<class '__main__.FineGrainedBucket'> : 0.26363866848367085) (<class '__main__.FineGrainedBucket'> : 0.21777465272639357) (<class '__main__.CoarseGrainedBloomBucket'> : 0.07937484295568654) (<class '__main__.FineGrainedBucket'> : 0.029590967341094697) (<class '__main__.CoarseGrainedBloomBucket'> : 0.0)
10,10,width,simulated_annealing_histogram_middle,0.21149884845629494,0.18187795691793388,31,96.3173076923077,17.026442307692307,94.0,100.0,(<class '__main__.FineGrainedBucket'> : 0.06616741449466394) (<class '__main__.FineGrainedBucket'> : 0.05614491297930952) (<class '__main__.CoarseGrainedBloomBucket'> : 0.34488915978130236) (<class '__main__.FineGrainedBucket'> : 0.33570494275842244) (<class '__main__.FineGrainedBucket'> : 0.285282795667721) (<class '__main__.FineGrainedBucket'> : 0.26363866848367085) (<class '__main__.FineGrainedBucket'> : 0.21777465272639357) (<class '__main__.CoarseGrainedBloomBucket'> : 0.07937484295568654) (<class '__main__.FineGrainedBucket'> : 0.05935642725156061) (<class '__main__.CoarseGrainedBloomBucket'> : 0.0)
10,10,width,simulated_annealing_histogram_last,0.19531802168271747,0.18187795691793388,31,96.3173076923077,17.026442307692307,94.0,100.0,(<class '__main__.CoarseGrainedBloomBucket'> : 0.13385781488263962) (<class '__main__.CoarseGrainedBloomBucket'> : 0.011263314572968159) (<class '__main__.FineGrainedBucket'> : 0.21207085701527326) (<class '__main__.FineGrainedBucket'> : 0.33570494275842244) (<class '__main__.FineGrainedBucket'> : 0.285282795667721) (<class '__main__.FineGrainedBucket'> : 0.26363866848367085) (<class '__main__.FineGrainedBucket'> : 0.21777465272639357) (<class '__main__.CoarseGrainedBloomBucket'> : 0.07937484295568654) (<class '__main__.FineGrainedBucket'> : 0.029590967341094697) (<class '__main__.FineGrainedBucket'> : 0.01677208614227851)
10,10,width,simulated_annealing_histogram_random,0.21076899771320207,0.18187795691793388,31,96.3173076923077,17.026442307692307,94.0,100.0,(<class '__main__.FineGrainedBucket'> : 0.06616741449466394) (<class '__main__.FineGrainedBucket'> : 0.05614491297930952) (<class '__main__.CoarseGrainedBloomBucket'> : 0.34488915978130236) (<class '__main__.FineGrainedBucket'> : 0.33570494275842244) (<class '__main__.FineGrainedBucket'> : 0.285282795667721) (<class '__main__.FineGrainedBucket'> : 0.26363866848367085) (<class '__main__.FineGrainedBucket'> : 0.21777465272639357) (<class '__main__.CoarseGrainedBloomBucket'> : 0.07937484295568654) (<class '__main__.CoarseGrainedBloomBucket'> : 0.012647401176456682) (<class '__main__.FineGrainedBucket'> : 0.01677208614227851)
1,1,depth-count,greedy_min_error_histogram,0.6796712298736096,0.009349123692272825,4,3.2596153846153846,1.2980769230769231,15.0,0.0,(<class '__main__.FineGrainedBucket'> : 0.6796712298736096)
1,1,depth-count,greedy_avg_res_histogram,0.6796712298736096,0.009349123692272825,4,3.2596153846153846,1.2980769230769231,15.0,0.0,(<class '__main__.FineGrainedBucket'> : 0.6796712298736096)
1,1,depth-count,simulated_annealing_histogram_first,0.6796712298736096,0.009349123692272825,4,3.2596153846153846,1.2980769230769231,15.0,0.0,(<class '__main__.FineGrainedBucket'> : 0.6796712298736096)
1,1,depth-count,simulated_annealing_histogram_middle,0.6796712298736096,0.009349123692272825,4,3.2596153846153846,1.2980769230769231,15.0,0.0,(<class '__main__.FineGrainedBucket'> : 0.6796712298736096)
1,1,depth-count,simulated_annealing_histogram_last,0.6796712298736096,0.009349123692272825,4,3.2596153846153846,1.2980769230769231,15.0,0.0,(<class '__main__.FineGrainedBucket'> : 0.6796712298736096)
1,1,depth-count,simulated_annealing_histogram_random,0.6796712298736096,0.009349123692272825,4,3.2596153846153846,1.2980769230769231,15.0,0.0,(<class '__main__.FineGrainedBucket'> : 0.6796712298736096)
1,1,depth-distinct,greedy_min_error_histogram,0.6796712298736096,0.009349123692272825,4,3.2596153846153846,1.2980769230769231,15.0,0.0,(<class '__main__.FineGrainedBucket'> : 0.6796712298736096)
1,1,depth-distinct,greedy_avg_res_histogram,0.6796712298736096,0.009349123692272825,4,3.2596153846153846,1.2980769230769231,15.0,0.0,(<class '__main__.FineGrainedBucket'> : 0.6796712298736096)
1,1,depth-distinct,simulated_annealing_histogram_first,0.6796712298736096,0.009349123692272825,4,3.2596153846153846,1.2980769230769231,15.0,0.0,(<class '__main__.FineGrainedBucket'> : 0.6796712298736096)
1,1,depth-distinct,simulated_annealing_histogram_middle,0.6796712298736096,0.009349123692272825,4,3.2596153846153846,1.2980769230769231,15.0,0.0,(<class '__main__.FineGrainedBucket'> : 0.6796712298736096)
1,1,depth-distinct,simulated_annealing_histogram_last,0.6796712298736096,0.009349123692272825,4,3.2596153846153846,1.2980769230769231,15.0,0.0,(<class '__main__.FineGrainedBucket'> : 0.6796712298736096)
1,1,depth-distinct,simulated_annealing_histogram_random,0.6796712298736096,0.009349123692272825,4,3.2596153846153846,1.2980769230769231,15.0,0.0,(<class '__main__.FineGrainedBucket'> : 0.6796712298736096)
1,1,width,greedy_min_error_histogram,0.6796712298736096,0.009349123692272825,4,3.2596153846153846,1.2980769230769231,15.0,0.0,(<class '__main__.FineGrainedBucket'> : 0.6796712298736096)
1,1,width,greedy_avg_res_histogram,0.6796712298736096,0.009349123692272825,4,3.2596153846153846,1.2980769230769231,15.0,0.0,(<class '__main__.FineGrainedBucket'> : 0.6796712298736096)
1,1,width,simulated_annealing_histogram_first,0.6796712298736096,0.009349123692272825,4,3.2596153846153846,1.2980769230769231,15.0,0.0,(<class '__main__.FineGrainedBucket'> : 0.6796712298736096)
1,1,width,simulated_annealing_histogram_middle,0.6796712298736096,0.009349123692272825,4,3.2596153846153846,1.2980769230769231,15.0,0.0,(<class '__main__.FineGrainedBucket'> : 0.6796712298736096)
1,1,width,simulated_annealing_histogram_last,0.6796712298736096,0.009349123692272825,4,3.2596153846153846,1.2980769230769231,15.0,0.0,(<class '__main__.FineGrainedBucket'> : 0.6796712298736096)
1,1,width,simulated_annealing_histogram_random,0.6796712298736096,0.009349123692272825,4,3.2596153846153846,1.2980769230769231,15.0,0.0,(<class '__main__.FineGrainedBucket'> : 0.6796712298736096)
2,2,depth-count,greedy_min_error_histogram,0.42997649506552593,0.01869824738454565,8,6.519230769230769,2.5961538461538463,30.0,0.0,(<class '__main__.FineGrainedBucket'> : 0.475585020202437) (<class '__main__.FineGrainedBucket'> : 0.3929467341798834)
2,2,depth-count,greedy_avg_res_histogram,0.42997649506552593,0.01869824738454565,8,6.519230769230769,2.5961538461538463,30.0,0.0,(<class '__main__.FineGrainedBucket'> : 0.475585020202437) (<class '__main__.FineGrainedBucket'> : 0.3929467341798834)
2,2,depth-count,simulated_annealing_histogram_first,0.42997649506552593,0.01869824738454565,8,6.519230769230769,2.5961538461538463,30.0,0.0,(<class '__main__.FineGrainedBucket'> : 0.475585020202437) (<class '__main__.FineGrainedBucket'> : 0.3929467341798834)
2,2,depth-count,simulated_annealing_histogram_middle,0.42997649506552593,0.01869824738454565,8,6.519230769230769,2.5961538461538463,30.0,0.0,(<class '__main__.FineGrainedBucket'> : 0.475585020202437) (<class '__main__.FineGrainedBucket'> : 0.3929467341798834)
2,2,depth-count,simulated_annealing_histogram_last,0.42997649506552593,0.01869824738454565,8,6.519230769230769,2.5961538461538463,30.0,0.0,(<class '__main__.FineGrainedBucket'> : 0.475585020202437) (<class '__main__.FineGrainedBucket'> : 0.3929467341798834)
2,2,depth-count,simulated_annealing_histogram_random,0.42997649506552593,0.01869824738454565,8,6.519230769230769,2.5961538461538463,30.0,0.0,(<class '__main__.FineGrainedBucket'> : 0.475585020202437) (<class '__main__.FineGrainedBucket'> : 0.3929467341798834)
2,2,depth-distinct,greedy_min_error_histogram,0.42997649506552593,0.01869824738454565,8,6.519230769230769,2.5961538461538463,30.0,0.0,(<class '__main__.FineGrainedBucket'> : 0.475585020202437) (<class '__main__.FineGrainedBucket'> : 0.3929467341798834)
2,2,depth-distinct,greedy_avg_res_histogram,0.42997649506552593,0.01869824738454565,8,6.519230769230769,2.5961538461538463,30.0,0.0,(<class '__main__.FineGrainedBucket'> : 0.475585020202437) (<class '__main__.FineGrainedBucket'> : 0.3929467341798834)
2,2,depth-distinct,simulated_annealing_histogram_first,0.42997649506552593,0.01869824738454565,8,6.519230769230769,2.5961538461538463,30.0,0.0,(<class '__main__.FineGrainedBucket'> : 0.475585020202437) (<class '__main__.FineGrainedBucket'> : 0.3929467341798834)
2,2,depth-distinct,simulated_annealing_histogram_middle,0.42997649506552593,0.01869824738454565,8,6.519230769230769,2.5961538461538463,30.0,0.0,(<class '__main__.FineGrainedBucket'> : 0.475585020202437) (<class '__main__.FineGrainedBucket'> : 0.3929467341798834)
2,2,depth-distinct,simulated_annealing_histogram_last,0.42997649506552593,0.01869824738454565,8,6.519230769230769,2.5961538461538463,30.0,0.0,(<class '__main__.FineGrainedBucket'> : 0.475585020202437) (<class '__main__.FineGrainedBucket'> : 0.3929467341798834)
2,2,depth-distinct,simulated_annealing_histogram_random,0.42997649506552593,0.01869824738454565,8,6.519230769230769,2.5961538461538463,30.0,0.0,(<class '__main__.FineGrainedBucket'> : 0.475585020202437) (<class '__main__.FineGrainedBucket'> : 0.3929467341798834)
2,2,width,greedy_min_error_histogram,0.4289123763924512,0.01869824738454565,8,6.519230769230769,2.5961538461538463,30.0,0.0,(<class '__main__.FineGrainedBucket'> : 0.4929290025337263) (<class '__main__.FineGrainedBucket'> : 0.35348644667290613)
2,2,width,greedy_avg_res_histogram,0.4289123763924512,0.01869824738454565,8,6.519230769230769,2.5961538461538463,30.0,0.0,(<class '__main__.FineGrainedBucket'> : 0.4929290025337263) (<class '__main__.FineGrainedBucket'> : 0.35348644667290613)
2,2,width,simulated_annealing_histogram_first,0.4289123763924512,0.01869824738454565,8,6.519230769230769,2.5961538461538463,30.0,0.0,(<class '__main__.FineGrainedBucket'> : 0.4929290025337263) (<class '__main__.FineGrainedBucket'> : 0.35348644667290613)
2,2,width,simulated_annealing_histogram_middle,0.4289123763924512,0.01869824738454565,8,6.519230769230769,2.5961538461538463,30.0,0.0,(<class '__main__.FineGrainedBucket'> : 0.4929290025337263) (<class '__main__.FineGrainedBucket'> : 0.35348644667290613)
2,2,width,simulated_annealing_histogram_last,0.4289123763924512,0.01869824738454565,8,6.519230769230769,2.5961538461538463,30.0,0.0,(<class '__main__.FineGrainedBucket'> : 0.4929290025337263) (<class '__main__.FineGrainedBucket'> : 0.35348644667290613)
2,2,width,simulated_annealing_histogram_random,0.4289123763924512,0.01869824738454565,8,6.519230769230769,2.5961538461538463,30.0,0.0,(<class '__main__.FineGrainedBucket'> : 0.4929290025337263) (<class '__main__.FineGrainedBucket'> : 0.35348644667290613)
3,3,depth-count,greedy_min_error_histogram,0.38661107482049195,0.02804737107681848,12,9.778846153846153,3.894230769230769,45.0,0.0,(<class '__main__.FineGrainedBucket'> : 0.4183403637402408) (<class '__main__.FineGrainedBucket'> : 0.4342506480083343) (<class '__main__.FineGrainedBucket'> : 0.3447721375838965)
3,3,depth-count,greedy_avg_res_histogram,0.38661107482049195,0.02804737107681848,12,9.778846153846153,3.894230769230769,45.0,0.0,(<class '__main__.FineGrainedBucket'> : 0.4183403637402408) (<class '__main__.FineGrainedBucket'> : 0.4342506480083343) (<class '__main__.FineGrainedBucket'> : 0.3447721375838965)
3,3,depth-count,simulated_annealing_histogram_first,0.38661107482049195,0.02804737107681848,12,9.778846153846153,3.894230769230769,45.0,0.0,(<class '__main__.FineGrainedBucket'> : 0.4183403637402408) (<class '__main__.FineGrainedBucket'> : 0.4342506480083343) (<class '__main__.FineGrainedBucket'> : 0.3447721375838965)
3,3,depth-count,simulated_annealing_histogram_middle,0.38661107482049195,0.02804737107681848,12,9.778846153846153,3.894230769230769,45.0,0.0,(<class '__main__.FineGrainedBucket'> : 0.4183403637402408) (<class '__main__.FineGrainedBucket'> : 0.4342506480083343) (<class '__main__.FineGrainedBucket'> : 0.3447721375838965)
3,3,depth-count,simulated_annealing_histogram_last,0.38661107482049195,0.02804737107681848,12,9.778846153846153,3.894230769230769,45.0,0.0,(<class '__main__.FineGrainedBucket'> : 0.4183403637402408) (<class '__main__.FineGrainedBucket'> : 0.4342506480083343) (<class '__main__.FineGrainedBucket'> : 0.3447721375838965)
3,3,depth-count,simulated_annealing_histogram_random,0.38661107482049195,0.02804737107681848,12,9.778846153846153,3.894230769230769,45.0,0.0,(<class '__main__.FineGrainedBucket'> : 0.4183403637402408) (<class '__main__.FineGrainedBucket'> : 0.4342506480083343) (<class '__main__.FineGrainedBucket'> : 0.3447721375838965)
3,3,depth-distinct,greedy_min_error_histogram,0.38661107482049195,0.02804737107681848,12,9.778846153846153,3.894230769230769,45.0,0.0,(<class '__main__.FineGrainedBucket'> : 0.4183403637402408) (<class '__main__.FineGrainedBucket'> : 0.4342506480083343) (<class '__main__.FineGrainedBucket'> : 0.3447721375838965)
3,3,depth-distinct,greedy_avg_res_histogram,0.38661107482049195,0.02804737107681848,12,9.778846153846153,3.894230769230769,45.0,0.0,(<class '__main__.FineGrainedBucket'> : 0.4183403637402408) (<class '__main__.FineGrainedBucket'> : 0.4342506480083343) (<class '__main__.FineGrainedBucket'> : 0.3447721375838965)
3,3,depth-distinct,simulated_annealing_histogram_first,0.38661107482049195,0.02804737107681848,12,9.778846153846153,3.894230769230769,45.0,0.0,(<class '__main__.FineGrainedBucket'> : 0.4183403637402408) (<class '__main__.FineGrainedBucket'> : 0.4342506480083343) (<class '__main__.FineGrainedBucket'> : 0.3447721375838965)
3,3,depth-distinct,simulated_annealing_histogram_middle,0.38661107482049195,0.02804737107681848,12,9.778846153846153,3.894230769230769,45.0,0.0,(<class '__main__.FineGrainedBucket'> : 0.4183403637402408) (<class '__main__.FineGrainedBucket'> : 0.4342506480083343) (<class '__main__.FineGrainedBucket'> : 0.3447721375838965)
3,3,depth-distinct,simulated_annealing_histogram_last,0.38661107482049195,0.02804737107681848,12,9.778846153846153,3.894230769230769,45.0,0.0,(<class '__main__.FineGrainedBucket'> : 0.4183403637402408) (<class '__main__.FineGrainedBucket'> : 0.4342506480083343) (<class '__main__.FineGrainedBucket'> : 0.3447721375838965)
3,3,depth-distinct,simulated_annealing_histogram_random,0.38661107482049195,0.02804737107681848,12,9.778846153846153,3.894230769230769,45.0,0.0,(<class '__main__.FineGrainedBucket'> : 0.4183403637402408) (<class '__main__.FineGrainedBucket'> : 0.4342506480083343) (<class '__main__.FineGrainedBucket'> : 0.3447721375838965)
3,3,width,greedy_min_error_histogram,0.433100953845488,0.02804737107681848,12,9.778846153846153,3.894230769230769,45.0,0.0,(<class '__main__.FineGrainedBucket'> : 0.36106270008639174) (<class '__main__.FineGrainedBucket'> : 0.6317536336916398) (<class '__main__.FineGrainedBucket'> : 0.1823470466750691)
3,3,width,greedy_avg_res_histogram,0.433100953845488,0.02804737107681848,12,9.778846153846153,3.894230769230769,45.0,0.0,(<class '__main__.FineGrainedBucket'> : 0.36106270008639174) (<class '__main__.FineGrainedBucket'> : 0.6317536336916398) (<class '__main__.FineGrainedBucket'> : 0.1823470466750691)
3,3,width,simulated_annealing_histogram_first,0.43511199330144595,0.0660928716526444,9,36.31730769230769,5.858173076923077,30.0,33.33333333333333,(<class '__main__.FineGrainedBucket'> : 0.36106270008639174) (<class '__main__.FineGrainedBucket'> : 0.6317536336916398) (<class '__main__.CoarseGrainedBloomBucket'> : 0.19618479927148977)
3,3,width,simulated_annealing_histogram_middle,0.43511199330144595,0.0660928716526444,9,36.31730769230769,5.858173076923077,30.0,33.33333333333333,(<class '__main__.FineGrainedBucket'> : 0.36106270008639174) (<class '__main__.FineGrainedBucket'> : 0.6317536336916398) (<class '__main__.CoarseGrainedBloomBucket'> : 0.19618479927148977)
3,3,width,simulated_annealing_histogram_last,0.43511199330144595,0.0660928716526444,9,36.31730769230769,5.858173076923077,30.0,33.33333333333333,(<class '__main__.FineGrainedBucket'> : 0.36106270008639174) (<class '__main__.FineGrainedBucket'> : 0.6317536336916398) (<class '__main__.CoarseGrainedBloomBucket'> : 0.19618479927148977)
4,4,depth-count,greedy_min_error_histogram,0.3329118474570697,0.0373964947690913,16,13.038461538461538,5.1923076923076925,60.0,0.0,(<class '__main__.FineGrainedBucket'> : 0.37576132798941075) (<class '__main__.FineGrainedBucket'> : 0.3331502191939004) (<class '__main__.FineGrainedBucket'> : 0.27480149981000856) (<class '__main__.FineGrainedBucket'> : 0.31267815874162425)
4,4,depth-count,greedy_avg_res_histogram,0.3329118474570697,0.0373964947690913,16,13.038461538461538,5.1923076923076925,60.0,0.0,(<class '__main__.FineGrainedBucket'> : 0.37576132798941075) (<class '__main__.FineGrainedBucket'> : 0.3331502191939004) (<class '__main__.FineGrainedBucket'> : 0.27480149981000856) (<class '__main__.FineGrainedBucket'> : 0.31267815874162425)
4,4,depth-count,simulated_annealing_histogram_first,0.3329118474570697,0.0373964947690913,16,13.038461538461538,5.1923076923076925,60.0,0.0,(<class '__main__.FineGrainedBucket'> : 0.37576132798941075) (<class '__main__.FineGrainedBucket'> : 0.3331502191939004) (<class '__main__.FineGrainedBucket'> : 0.27480149981000856) (<class '__main__.FineGrainedBucket'> : 0.31267815874162425)
4,4,depth-count,simulated_annealing_histogram_middle,0.3329118474570697,0.0373964947690913,16,13.038461538461538,5.1923076923076925,60.0,0.0,(<class '__main__.FineGrainedBucket'> : 0.37576132798941075) (<class '__main__.FineGrainedBucket'> : 0.3331502191939004) (<class '__main__.FineGrainedBucket'> : 0.27480149981000856) (<class '__main__.FineGrainedBucket'> : 0.31267815874162425)
4,4,depth-count,simulated_annealing_histogram_last,0.3329118474570697,0.0373964947690913,16,13.038461538461538,5.1923076923076925,60.0,0.0,(<class '__main__.FineGrainedBucket'> : 0.37576132798941075) (<class '__main__.FineGrainedBucket'> : 0.3331502191939004) (<class '__main__.FineGrainedBucket'> : 0.27480149981000856) (<class '__main__.FineGrainedBucket'> : 0.31267815874162425)
4,4,depth-count,simulated_annealing_histogram_random,0.3329118474570697,0.0373964947690913,16,13.038461538461538,5.1923076923076925,60.0,0.0,(<class '__main__.FineGrainedBucket'> : 0.37576132798941075) (<class '__main__.FineGrainedBucket'> : 0.3331502191939004) (<class '__main__.FineGrainedBucket'> : 0.27480149981000856) (<class '__main__.FineGrainedBucket'> : 0.31267815874162425)
4,4,depth-distinct,greedy_min_error_histogram,0.3329118474570697,0.0373964947690913,16,13.038461538461538,5.1923076923076925,60.0,0.0,(<class '__main__.FineGrainedBucket'> : 0.37576132798941075) (<class '__main__.FineGrainedBucket'> : 0.3331502191939004) (<class '__main__.FineGrainedBucket'> : 0.27480149981000856) (<class '__main__.FineGrainedBucket'> : 0.31267815874162425)
4,4,depth-distinct,greedy_avg_res_histogram,0.3329118474570697,0.0373964947690913,16,13.038461538461538,5.1923076923076925,60.0,0.0,(<class '__main__.FineGrainedBucket'> : 0.37576132798941075) (<class '__main__.FineGrainedBucket'> : 0.3331502191939004) (<class '__main__.FineGrainedBucket'> : 0.27480149981000856) (<class '__main__.FineGrainedBucket'> : 0.31267815874162425)
4,4,depth-distinct,simulated_annealing_histogram_first,0.3329118474570697,0.0373964947690913,16,13.038461538461538,5.1923076923076925,60.0,0.0,(<class '__main__.FineGrainedBucket'> : 0.37576132798941075) (<class '__main__.FineGrainedBucket'> : 0.3331502191939004) (<class '__main__.FineGrainedBucket'> : 0.27480149981000856) (<class '__main__.FineGrainedBucket'> : 0.31267815874162425)
4,4,depth-distinct,simulated_annealing_histogram_middle,0.3329118474570697,0.0373964947690913,16,13.038461538461538,5.1923076923076925,60.0,0.0,(<class '__main__.FineGrainedBucket'> : 0.37576132798941075) (<class '__main__.FineGrainedBucket'> : 0.3331502191939004) (<class '__main__.FineGrainedBucket'> : 0.27480149981000856) (<class '__main__.FineGrainedBucket'> : 0.31267815874162425)
4,4,depth-distinct,simulated_annealing_histogram_last,0.3329118474570697,0.0373964947690913,16,13.038461538461538,5.1923076923076925,60.0,0.0,(<class '__main__.FineGrainedBucket'> : 0.37576132798941075) (<class '__main__.FineGrainedBucket'> : 0.3331502191939004) (<class '__main__.FineGrainedBucket'> : 0.27480149981000856) (<class '__main__.FineGrainedBucket'> : 0.31267815874162425)
4,4,depth-distinct,simulated_annealing_histogram_random,0.3329118474570697,0.0373964947690913,16,13.038461538461538,5.1923076923076925,60.0,0.0,(<class '__main__.FineGrainedBucket'> : 0.37576132798941075) (<class '__main__.FineGrainedBucket'> : 0.3331502191939004) (<class '__main__.FineGrainedBucket'> : 0.27480149981000856) (<class '__main__.FineGrainedBucket'> : 0.31267815874162425)
4,4,width,greedy_min_error_histogram,0.28186086254100934,0.11348749592074311,10,66.11538461538461,9.120192307692308,30.0,66.66666666666666,(<class '__main__.CoarseGrainedBloomBucket'> : 0.09887982022850603) (<class '__main__.FineGrainedBucket'> : 0.4481862748461745) (<class '__main__.FineGrainedBucket'> : 0.32623482104457857) (<class '__main__.CoarseGrainedBloomBucket'> : 0.026550188133289705)
4,4,width,greedy_avg_res_histogram,0.28263766188313266,0.07544199534491722,13,39.57692307692307,7.15625,45.0,33.33333333333333,(<class '__main__.FineGrainedBucket'> : 0.10738355283700347) (<class '__main__.FineGrainedBucket'> : 0.4481862748461745) (<class '__main__.FineGrainedBucket'> : 0.32623482104457857) (<class '__main__.CoarseGrainedBloomBucket'> : 0.026550188133289705)
4,4,width,simulated_annealing_histogram_first,0.28186086254100934,0.11348749592074311,10,66.11538461538461,9.120192307692308,30.0,66.66666666666666,(<class '__main__.CoarseGrainedBloomBucket'> : 0.09887982022850603) (<class '__main__.FineGrainedBucket'> : 0.4481862748461745) (<class '__main__.FineGrainedBucket'> : 0.32623482104457857) (<class '__main__.CoarseGrainedBloomBucket'> : 0.026550188133289705)
4,4,width,simulated_annealing_histogram_middle,0.28186086254100934,0.11348749592074311,10,66.11538461538461,9.120192307692308,30.0,66.66666666666666,(<class '__main__.CoarseGrainedBloomBucket'> : 0.09887982022850603) (<class '__main__.FineGrainedBucket'> : 0.4481862748461745) (<class '__main__.FineGrainedBucket'> : 0.32623482104457857) (<class '__main__.CoarseGrainedBloomBucket'> : 0.026550188133289705)
4,4,width,simulated_annealing_histogram_last,0.28186086254100934,0.11348749592074311,10,66.11538461538461,9.120192307692308,30.0,66.66666666666666,(<class '__main__.CoarseGrainedBloomBucket'> : 0.09887982022850603) (<class '__main__.FineGrainedBucket'> : 0.4481862748461745) (<class '__main__.FineGrainedBucket'> : 0.32623482104457857) (<class '__main__.CoarseGrainedBloomBucket'> : 0.026550188133289705)
4,4,width,simulated_annealing_histogram_random,0.28186086254100934,0.11348749592074311,10,66.11538461538461,9.120192307692308,30.0,66.66666666666666,(<class '__main__.CoarseGrainedBloomBucket'> : 0.09887982022850603) (<class '__main__.FineGrainedBucket'> : 0.4481862748461745) (<class '__main__.FineGrainedBucket'> : 0.32623482104457857) (<class '__main__.CoarseGrainedBloomBucket'> : 0.026550188133289705)
5,5,depth-count,greedy_min_error_histogram,0.29792846606171686,0.04674561846136412,20,16.298076923076923,6.490384615384616,75.0,0.0,(<class '__main__.FineGrainedBucket'> : 0.33430616661622187) (<class '__main__.FineGrainedBucket'> : 0.24071243319121755) (<class '__main__.FineGrainedBucket'> : 0.3000800177539055) (<class '__main__.FineGrainedBucket'> : 0.26459959536897565) (<class '__main__.FineGrainedBucket'> : 0.28314993513894987)
5,5,depth-count,greedy_avg_res_histogram,0.29792846606171686,0.04674561846136412,20,16.298076923076923,6.490384615384616,75.0,0.0,(<class '__main__.FineGrainedBucket'> : 0.33430616661622187) (<class '__main__.FineGrainedBucket'> : 0.24071243319121755) (<class '__main__.FineGrainedBucket'> : 0.3000800177539055) (<class '__main__.FineGrainedBucket'> : 0.26459959536897565) (<class '__main__.FineGrainedBucket'> : 0.28314993513894987)
5,5,depth-count,simulated_annealing_histogram_first,0.29792846606171686,0.04674561846136412,20,16.298076923076923,6.490384615384616,75.0,0.0,(<class '__main__.FineGrainedBucket'> : 0.33430616661622187) (<class '__main__.FineGrainedBucket'> : 0.24071243319121755) (<class '__main__.FineGrainedBucket'> : 0.3000800177539055) (<class '__main__.FineGrainedBucket'> : 0.26459959536897565) (<class '__main__.FineGrainedBucket'> : 0.28314993513894987)
5,5,depth-count,simulated_annealing_histogram_middle,0.29792846606171686,0.04674561846136412,20,16.298076923076923,6.490384615384616,75.0,0.0,(<class '__main__.FineGrainedBucket'> : 0.33430616661622187) (<class '__main__.FineGrainedBucket'> : 0.24071243319121755) (<class '__main__.FineGrainedBucket'> : 0.3000800177539055) (<class '__main__.FineGrainedBucket'> : 0.26459959536897565) (<class '__main__.FineGrainedBucket'> : 0.28314993513894987)
5,5,depth-count,simulated_annealing_histogram_last,0.29792846606171686,0.04674561846136412,20,16.298076923076923,6.490384615384616,75.0,0.0,(<class '__main__.FineGrainedBucket'> : 0.33430616661622187) (<class '__main__.FineGrainedBucket'> : 0.24071243319121755) (<class '__main__.FineGrainedBucket'> : 0.3000800177539055) (<class '__main__.FineGrainedBucket'> : 0.26459959536897565) (<class '__main__.FineGrainedBucket'> : 0.28314993513894987)
5,5,depth-count,simulated_annealing_histogram_random,0.29792846606171686,0.04674561846136412,20,16.298076923076923,6.490384615384616,75.0,0.0,(<class '__main__.FineGrainedBucket'> : 0.33430616661622187) (<class '__main__.FineGrainedBucket'> : 0.24071243319121755) (<class '__main__.FineGrainedBucket'> : 0.3000800177539055) (<class '__main__.FineGrainedBucket'> : 0.26459959536897565) (<class '__main__.FineGrainedBucket'> : 0.28314993513894987)
5,5,depth-distinct,greedy_min_error_histogram,0.29792846606171686,0.04674561846136412,20,16.298076923076923,6.490384615384616,75.0,0.0,(<class '__main__.FineGrainedBucket'> : 0.33430616661622187) (<class '__main__.FineGrainedBucket'> : 0.24071243319121755) (<class '__main__.FineGrainedBucket'> : 0.3000800177539055) (<class '__main__.FineGrainedBucket'> : 0.26459959536897565) (<class '__main__.FineGrainedBucket'> : 0.28314993513894987)
5,5,depth-distinct,greedy_avg_res_histogram,0.29792846606171686,0.04674561846136412,20,16.298076923076923,6.490384615384616,75.0,0.0,(<class '__main__.FineGrainedBucket'> : 0.33430616661622187) (<class '__main__.FineGrainedBucket'> : 0.24071243319121755) (<class '__main__.FineGrainedBucket'> : 0.3000800177539055) (<class '__main__.FineGrainedBucket'> : 0.26459959536897565) (<class '__main__.FineGrainedBucket'> : 0.28314993513894987)
5,5,depth-distinct,simulated_annealing_histogram_first,0.29792846606171686,0.04674561846136412,20,16.298076923076923,6.490384615384616,75.0,0.0,(<class '__main__.FineGrainedBucket'> : 0.33430616661622187) (<class '__main__.FineGrainedBucket'> : 0.24071243319121755) (<class '__main__.FineGrainedBucket'> : 0.3000800177539055) (<class '__main__.FineGrainedBucket'> : 0.26459959536897565) (<class '__main__.FineGrainedBucket'> : 0.28314993513894987)
5,5,depth-distinct,simulated_annealing_histogram_middle,0.29792846606171686,0.04674561846136412,20,16.298076923076923,6.490384615384616,75.0,0.0,(<class '__main__.FineGrainedBucket'> : 0.33430616661622187) (<class '__main__.FineGrainedBucket'> : 0.24071243319121755) (<class '__main__.FineGrainedBucket'> : 0.3000800177539055) (<class '__main__.FineGrainedBucket'> : 0.26459959536897565) (<class '__main__.FineGrainedBucket'> : 0.28314993513894987)
5,5,depth-distinct,simulated_annealing_histogram_last,0.29792846606171686,0.04674561846136412,20,16.298076923076923,6.490384615384616,75.0,0.0,(<class '__main__.FineGrainedBucket'> : 0.33430616661622187) (<class '__main__.FineGrainedBucket'> : 0.24071243319121755) (<class '__main__.FineGrainedBucket'> : 0.3000800177539055) (<class '__main__.FineGrainedBucket'> : 0.26459959536897565) (<class '__main__.FineGrainedBucket'> : 0.28314993513894987)
5,5,depth-distinct,simulated_annealing_histogram_random,0.29792846606171686,0.04674561846136412,20,16.298076923076923,6.490384615384616,75.0,0.0,(<class '__main__.FineGrainedBucket'> : 0.33430616661622187) (<class '__main__.FineGrainedBucket'> : 0.24071243319121755) (<class '__main__.FineGrainedBucket'> : 0.3000800177539055) (<class '__main__.FineGrainedBucket'> : 0.26459959536897565) (<class '__main__.FineGrainedBucket'> : 0.28314993513894987)
5,5,width,greedy_min_error_histogram,0.2826291238248155,0.12283661961301594,14,69.375,10.418269230769232,45.0,66.66666666666666,(<class '__main__.CoarseGrainedBloomBucket'> : 0.04165804741544257) (<class '__main__.FineGrainedBucket'> : 0.41262511856323547) (<class '__main__.FineGrainedBucket'> : 0.4046946904599133) (<class '__main__.FineGrainedBucket'> : 0.2522219364316834) (<class '__main__.CoarseGrainedBloomBucket'> : 0.0027539337918727875)
5,5,width,greedy_avg_res_histogram,0.2846825388407543,0.08479111903719005,17,42.83653846153846,8.454326923076923,60.0,33.33333333333333,(<class '__main__.FineGrainedBucket'> : 0.08694840511372837) (<class '__main__.FineGrainedBucket'> : 0.41262511856323547) (<class '__main__.FineGrainedBucket'> : 0.4046946904599133) (<class '__main__.FineGrainedBucket'> : 0.2522219364316834) (<class '__main__.CoarseGrainedBloomBucket'> : 0.0027539337918727875)
5,5,width,simulated_annealing_histogram_first,0.2826291238248155,0.12283661961301594,14,69.375,10.418269230769232,45.0,66.66666666666666,(<class '__main__.CoarseGrainedBloomBucket'> : 0.04165804741544257) (<class '__main__.FineGrainedBucket'> : 0.41262511856323547) (<class '__main__.FineGrainedBucket'> : 0.4046946904599133) (<class '__main__.FineGrainedBucket'> : 0.2522219364316834) (<class '__main__.CoarseGrainedBloomBucket'> : 0.0027539337918727875)
5,5,width,simulated_annealing_histogram_middle,0.2826291238248155,0.12283661961301594,14,69.375,10.418269230769232,45.0,66.66666666666666,(<class '__main__.CoarseGrainedBloomBucket'> : 0.04165804741544257) (<class '__main__.FineGrainedBucket'> : 0.41262511856323547) (<class '__main__.FineGrainedBucket'> : 0.4046946904599133) (<class '__main__.FineGrainedBucket'> : 0.2522219364316834) (<class '__main__.CoarseGrainedBloomBucket'> : 0.0027539337918727875)
5,5,width,simulated_annealing_histogram_last,0.2826291238248155,0.12283661961301594,14,69.375,10.418269230769232,45.0,66.66666666666666,(<class '__main__.CoarseGrainedBloomBucket'> : 0.04165804741544257) (<class '__main__.FineGrainedBucket'> : 0.41262511856323547) (<class '__main__.FineGrainedBucket'> : 0.4046946904599133) (<class '__main__.FineGrainedBucket'> : 0.2522219364316834) (<class '__main__.CoarseGrainedBloomBucket'> : 0.0027539337918727875)
5,5,width,simulated_annealing_histogram_random,0.2826291238248155,0.12283661961301594,14,69.375,10.418269230769232,45.0,66.66666666666666,(<class '__main__.CoarseGrainedBloomBucket'> : 0.04165804741544257) (<class '__main__.FineGrainedBucket'> : 0.41262511856323547) (<class '__main__.FineGrainedBucket'> : 0.4046946904599133) (<class '__main__.FineGrainedBucket'> : 0.2522219364316834) (<class '__main__.CoarseGrainedBloomBucket'> : 0.0027539337918727875)
6,6,depth-count,greedy_min_error_histogram,0.2787095067856884,0.05609474215363696,24,19.557692307692307,7.788461538461538,90.0,0.0,(<class '__main__.FineGrainedBucket'> : 0.31228380458717203) (<class '__main__.FineGrainedBucket'> : 0.24139940387820977) (<class '__main__.FineGrainedBucket'> : 0.22424806379242576) (<class '__main__.FineGrainedBucket'> : 0.26879337759835287) (<class '__main__.FineGrainedBucket'> : 0.26455277261600746) (<class '__main__.FineGrainedBucket'> : 0.26779292995554027)
6,6,depth-count,greedy_avg_res_histogram,0.2787095067856884,0.05609474215363696,24,19.557692307692307,7.788461538461538,90.0,0.0,(<class '__main__.FineGrainedBucket'> : 0.31228380458717203) (<class '__main__.FineGrainedBucket'> : 0.24139940387820977) (<class '__main__.FineGrainedBucket'> : 0.22424806379242576) (<class '__main__.FineGrainedBucket'> : 0.26879337759835287) (<class '__main__.FineGrainedBucket'> : 0.26455277261600746) (<class '__main__.FineGrainedBucket'> : 0.26779292995554027)
6,6,depth-count,simulated_annealing_histogram_first,0.2787095067856884,0.05609474215363696,24,19.557692307692307,7.788461538461538,90.0,0.0,(<class '__main__.FineGrainedBucket'> : 0.31228380458717203) (<class '__main__.FineGrainedBucket'> : 0.24139940387820977) (<class '__main__.FineGrainedBucket'> : 0.22424806379242576) (<class '__main__.FineGrainedBucket'> : 0.26879337759835287) (<class '__main__.FineGrainedBucket'> : 0.26455277261600746) (<class '__main__.FineGrainedBucket'> : 0.26779292995554027)
6,6,depth-count,simulated_annealing_histogram_middle,0.2787095067856884,0.05609474215363696,24,19.557692307692307,7.788461538461538,90.0,0.0,(<class '__main__.FineGrainedBucket'> : 0.31228380458717203) (<class '__main__.FineGrainedBucket'> : 0.24139940387820977) (<class '__main__.FineGrainedBucket'> : 0.22424806379242576) (<class '__main__.FineGrainedBucket'> : 0.26879337759835287) (<class '__main__.FineGrainedBucket'> : 0.26455277261600746) (<class '__main__.FineGrainedBucket'> : 0.26779292995554027)
6,6,depth-count,simulated_annealing_histogram_last,0.2787095067856884,0.05609474215363696,24,19.557692307692307,7.788461538461538,90.0,0.0,(<class '__main__.FineGrainedBucket'> : 0.31228380458717203) (<class '__main__.FineGrainedBucket'> : 0.24139940387820977) (<class '__main__.FineGrainedBucket'> : 0.22424806379242576) (<class '__main__.FineGrainedBucket'> : 0.26879337759835287) (<class '__main__.FineGrainedBucket'> : 0.26455277261600746) (<class '__main__.FineGrainedBucket'> : 0.26779292995554027)
6,6,depth-count,simulated_annealing_histogram_random,0.2787095067856884,0.05609474215363696,24,19.557692307692307,7.788461538461538,90.0,0.0,(<class '__main__.FineGrainedBucket'> : 0.31228380458717203) (<class '__main__.FineGrainedBucket'> : 0.24139940387820977) (<class '__main__.FineGrainedBucket'> : 0.22424806379242576) (<class '__main__.FineGrainedBucket'> : 0.26879337759835287) (<class '__main__.FineGrainedBucket'> : 0.26455277261600746) (<class '__main__.FineGrainedBucket'> : 0.26779292995554027)
6,6,depth-distinct,greedy_min_error_histogram,0.2787095067856884,0.05609474215363696,24,19.557692307692307,7.788461538461538,90.0,0.0,(<class '__main__.FineGrainedBucket'> : 0.31228380458717203) (<class '__main__.FineGrainedBucket'> : 0.24139940387820977) (<class '__main__.FineGrainedBucket'> : 0.22424806379242576) (<class '__main__.FineGrainedBucket'> : 0.26879337759835287) (<class '__main__.FineGrainedBucket'> : 0.26455277261600746) (<class '__main__.FineGrainedBucket'> : 0.26779292995554027)
6,6,depth-distinct,greedy_avg_res_histogram,0.2787095067856884,0.05609474215363696,24,19.557692307692307,7.788461538461538,90.0,0.0,(<class '__main__.FineGrainedBucket'> : 0.31228380458717203) (<class '__main__.FineGrainedBucket'> : 0.24139940387820977) (<class '__main__.FineGrainedBucket'> : 0.22424806379242576) (<class '__main__.FineGrainedBucket'> : 0.26879337759835287) (<class '__main__.FineGrainedBucket'> : 0.26455277261600746) (<class '__main__.FineGrainedBucket'> : 0.26779292995554027)
6,6,depth-distinct,simulated_annealing_histogram_first,0.2787095067856884,0.05609474215363696,24,19.557692307692307,7.788461538461538,90.0,0.0,(<class '__main__.FineGrainedBucket'> : 0.31228380458717203) (<class '__main__.FineGrainedBucket'> : 0.24139940387820977) (<class '__main__.FineGrainedBucket'> : 0.22424806379242576) (<class '__main__.FineGrainedBucket'> : 0.26879337759835287) (<class '__main__.FineGrainedBucket'> : 0.26455277261600746) (<class '__main__.FineGrainedBucket'> : 0.26779292995554027)
6,6,depth-distinct,simulated_annealing_histogram_middle,0.2787095067856884,0.05609474215363696,24,19.557692307692307,7.788461538461538,90.0,0.0,(<class '__main__.FineGrainedBucket'> : 0.31228380458717203) (<class '__main__.FineGrainedBucket'> : 0.24139940387820977) (<class '__main__.FineGrainedBucket'> : 0.22424806379242576) (<class '__main__.FineGrainedBucket'> : 0.26879337759835287) (<class '__main__.FineGrainedBucket'> : 0.26455277261600746) (<class '__main__.FineGrainedBucket'> : 0.26779292995554027)
6,6,depth-distinct,simulated_annealing_histogram_last,0.2787095067856884,0.05609474215363696,24,19.557692307692307,7.788461538461538,90.0,0.0,(<class '__main__.FineGrainedBucket'> : 0.31228380458717203) (<class '__main__.FineGrainedBucket'> : 0.24139940387820977) (<class '__main__.FineGrainedBucket'> : 0.22424806379242576) (<class '__main__.FineGrainedBucket'> : 0.26879337759835287) (<class '__main__.FineGrainedBucket'> : 0.26455277261600746) (<class '__main__.FineGrainedBucket'> : 0.26779292995554027)
6,6,depth-distinct,simulated_annealing_histogram_random,0.2787095067856884,0.05609474215363696,24,19.557692307692307,7.788461538461538,90.0,0.0,(<class '__main__.FineGrainedBucket'> : 0.31228380458717203) (<class '__main__.FineGrainedBucket'> : 0.24139940387820977) (<class '__main__.FineGrainedBucket'> : 0.22424806379242576) (<class '__main__.FineGrainedBucket'> : 0.26879337759835287) (<class '__main__.FineGrainedBucket'> : 0.26455277261600746) (<class '__main__.FineGrainedBucket'> : 0.26779292995554027)
6,6,width,greedy_min_error_histogram,0.28194793136782004,0.1321857433052888,18,72.63461538461539,11.716346153846153,60.0,66.66666666666666,(<class '__main__.CoarseGrainedBloomBucket'> : 0.035310555621634446) (<class '__main__.FineGrainedBucket'> : 0.32437606296582383) (<class '__main__.FineGrainedBucket'> : 0.4527114179602894) (<class '__main__.FineGrainedBucket'> : 0.3665192662217188) (<class '__main__.FineGrainedBucket'> : 0.1766769189000091) (<class '__main__.CoarseGrainedBloomBucket'> : 0.0015754635976627585)
6,6,width,greedy_avg_res_histogram,0.2839419314740735,0.09414024272946286,21,46.09615384615385,9.752403846153847,75.0,33.33333333333333,(<class '__main__.FineGrainedBucket'> : 0.08953849982939505) (<class '__main__.FineGrainedBucket'> : 0.32437606296582383) (<class '__main__.FineGrainedBucket'> : 0.4527114179602894) (<class '__main__.FineGrainedBucket'> : 0.3665192662217188) (<class '__main__.FineGrainedBucket'> : 0.1766769189000091) (<class '__main__.CoarseGrainedBloomBucket'> : 0.0015754635976627585)
6,6,width,simulated_annealing_histogram_first,0.2832346863811793,0.17023124388111466,15,99.17307692307692,13.680288461538462,45.0,100.0,(<class '__main__.CoarseGrainedBloomBucket'> : 0.035310555621634446) (<class '__main__.FineGrainedBucket'> : 0.32437606296582383) (<class '__main__.FineGrainedBucket'> : 0.4527114179602894) (<class '__main__.FineGrainedBucket'> : 0.3665192662217188) (<class '__main__.CoarseGrainedBloomBucket'> : 0.18862195968341924) (<class '__main__.CoarseGrainedBloomBucket'> : 0.0015754635976627585)
6,6,width,simulated_annealing_histogram_middle,0.2832346863811793,0.17023124388111466,15,99.17307692307692,13.680288461538462,45.0,100.0,(<class '__main__.CoarseGrainedBloomBucket'> : 0.035310555621634446) (<class '__main__.FineGrainedBucket'> : 0.32437606296582383) (<class '__main__.FineGrainedBucket'> : 0.4527114179602894) (<class '__main__.FineGrainedBucket'> : 0.3665192662217188) (<class '__main__.CoarseGrainedBloomBucket'> : 0.18862195968341924) (<class '__main__.CoarseGrainedBloomBucket'> : 0.0015754635976627585)
6,6,width,simulated_annealing_histogram_last,0.2832346863811793,0.17023124388111466,15,99.17307692307692,13.680288461538462,45.0,100.0,(<class '__main__.CoarseGrainedBloomBucket'> : 0.035310555621634446) (<class '__main__.FineGrainedBucket'> : 0.32437606296582383) (<class '__main__.FineGrainedBucket'> : 0.4527114179602894) (<class '__main__.FineGrainedBucket'> : 0.3665192662217188) (<class '__main__.CoarseGrainedBloomBucket'> : 0.18862195968341924) (<class '__main__.CoarseGrainedBloomBucket'> : 0.0015754635976627585)
6,6,width,simulated_annealing_histogram_random,0.2832346863811793,0.17023124388111466,15,99.17307692307692,13.680288461538462,45.0,100.0,(<class '__main__.CoarseGrainedBloomBucket'> : 0.035310555621634446) (<class '__main__.FineGrainedBucket'> : 0.32437606296582383) (<class '__main__.FineGrainedBucket'> : 0.4527114179602894) (<class '__main__.FineGrainedBucket'> : 0.3665192662217188) (<class '__main__.CoarseGrainedBloomBucket'> : 0.18862195968341924) (<class '__main__.CoarseGrainedBloomBucket'> : 0.0015754635976627585)
7,7,depth-count,greedy_min_error_histogram,0.33995260756767687,0.1034893664217357,25,49.35576923076923,11.05048076923077,90.0,33.33333333333333,(<class '__main__.FineGrainedBucket'> : 0.2919074338624505) (<class '__main__.FineGrainedBucket'> : 0.23262875948158682) (<class '__main__.FineGrainedBucket'> : 0.22730834033787686) (<class '__main__.FineGrainedBucket'> : 0.21608885540905948) (<class '__main__.FineGrainedBucket'> : 0.2607112534056523) (<class '__main__.FineGrainedBucket'> : 0.25707118113021904) (<class '__main__.CoarseGrainedBloomBucket'> : 0.4288780090263268)
7,7,depth-count,greedy_avg_res_histogram,0.28053020608093027,0.06544379553593535,28,22.817307692307693,9.086538461538462,94.0,0.0,(<class '__main__.FineGrainedBucket'> : 0.2919074338624505) (<class '__main__.FineGrainedBucket'> : 0.503231418361114) (<class '__main__.FineGrainedBucket'> : 0.22730834033787686) (<class '__main__.FineGrainedBucket'> : 0.21608885540905948) (<class '__main__.FineGrainedBucket'> : 0.2607112534056523) (<class '__main__.FineGrainedBucket'> : 0.25707118113021904) (<class '__main__.FineGrainedBucket'> : 0.25391285070156666)
7,7,depth-count,simulated_annealing_histogram_first,0.3109913715719147,0.1034893664217357,25,49.35576923076923,11.05048076923077,90.0,33.33333333333333,(<class '__main__.CoarseGrainedBloomBucket'> : 0.42121886757888927) (<class '__main__.FineGrainedBucket'> : 0.23262875948158682) (<class '__main__.FineGrainedBucket'> : 0.22730834033787686) (<class '__main__.FineGrainedBucket'> : 0.21608885540905948) (<class '__main__.FineGrainedBucket'> : 0.2607112534056523) (<class '__main__.FineGrainedBucket'> : 0.25707118113021904) (<class '__main__.FineGrainedBucket'> : 0.25391285070156666)
7,7,depth-count,simulated_annealing_histogram_middle,0.2767398422101554,0.1034893664217357,25,49.35576923076923,11.05048076923077,90.0,33.33333333333333,(<class '__main__.FineGrainedBucket'> : 0.2919074338624505) (<class '__main__.FineGrainedBucket'> : 0.23262875948158682) (<class '__main__.FineGrainedBucket'> : 0.22730834033787686) (<class '__main__.FineGrainedBucket'> : 0.21608885540905948) (<class '__main__.CoarseGrainedBloomBucket'> : 0.40938902944674177) (<class '__main__.FineGrainedBucket'> : 0.25707118113021904) (<class '__main__.FineGrainedBucket'> : 0.25391285070156666)
7,7,depth-count,simulated_annealing_histogram_last,0.33995260756767687,0.1034893664217357,25,49.35576923076923,11.05048076923077,90.0,33.33333333333333,(<class '__main__.FineGrainedBucket'> : 0.2919074338624505) (<class '__main__.FineGrainedBucket'> : 0.23262875948158682) (<class '__main__.FineGrainedBucket'> : 0.22730834033787686) (<class '__main__.FineGrainedBucket'> : 0.21608885540905948) (<class '__main__.FineGrainedBucket'> : 0.2607112534056523) (<class '__main__.FineGrainedBucket'> : 0.25707118113021904) (<class '__main__.CoarseGrainedBloomBucket'> : 0.4288780090263268)
7,7,depth-count,simulated_annealing_histogram_random,0.3109913715719147,0.1034893664217357,25,49.35576923076923,11.05048076923077,90.0,33.33333333333333,(<class '__main__.CoarseGrainedBloomBucket'> : 0.42121886757888927) (<class '__main__.FineGrainedBucket'> : 0.23262875948158682) (<class '__main__.FineGrainedBucket'> : 0.22730834033787686) (<class '__main__.FineGrainedBucket'> : 0.21608885540905948) (<class '__main__.FineGrainedBucket'> : 0.2607112534056523) (<class '__main__.FineGrainedBucket'> : 0.25707118113021904) (<class '__main__.FineGrainedBucket'> : 0.25391285070156666)
7,7,depth-distinct,greedy_min_error_histogram,0.33995260756767687,0.1034893664217357,25,49.35576923076923,11.05048076923077,90.0,33.33333333333333,(<class '__main__.FineGrainedBucket'> : 0.2919074338624505) (<class '__main__.FineGrainedBucket'> : 0.23262875948158682) (<class '__main__.FineGrainedBucket'> : 0.22730834033787686) (<class '__main__.FineGrainedBucket'> : 0.21608885540905948) (<class '__main__.FineGrainedBucket'> : 0.2607112534056523) (<class '__main__.FineGrainedBucket'> : 0.25707118113021904) (<class '__main__.CoarseGrainedBloomBucket'> : 0.4288780090263268)
7,7,depth-distinct,greedy_avg_res_histogram,0.28053020608093027,0.06544379553593535,28,22.817307692307693,9.086538461538462,94.0,0.0,(<class '__main__.FineGrainedBucket'> : 0.2919074338624505) (<class '__main__.FineGrainedBucket'> : 0.503231418361114) (<class '__main__.FineGrainedBucket'> : 0.22730834033787686) (<class '__main__.FineGrainedBucket'> : 0.21608885540905948) (<class '__main__.FineGrainedBucket'> : 0.2607112534056523) (<class '__main__.FineGrainedBucket'> : 0.25707118113021904) (<class '__main__.FineGrainedBucket'> : 0.25391285070156666)
7,7,depth-distinct,simulated_annealing_histogram_first,0.3109913715719147,0.1034893664217357,25,49.35576923076923,11.05048076923077,90.0,33.33333333333333,(<class '__main__.CoarseGrainedBloomBucket'> : 0.42121886757888927) (<class '__main__.FineGrainedBucket'> : 0.23262875948158682) (<class '__main__.FineGrainedBucket'> : 0.22730834033787686) (<class '__main__.FineGrainedBucket'> : 0.21608885540905948) (<class '__main__.FineGrainedBucket'> : 0.2607112534056523) (<class '__main__.FineGrainedBucket'> : 0.25707118113021904) (<class '__main__.FineGrainedBucket'> : 0.25391285070156666)
7,7,depth-distinct,simulated_annealing_histogram_middle,0.3109913715719147,0.1034893664217357,25,49.35576923076923,11.05048076923077,90.0,33.33333333333333,(<class '__main__.CoarseGrainedBloomBucket'> : 0.42121886757888927) (<class '__main__.FineGrainedBucket'> : 0.23262875948158682) (<class '__main__.FineGrainedBucket'> : 0.22730834033787686) (<class '__main__.FineGrainedBucket'> : 0.21608885540905948) (<class '__main__.FineGrainedBucket'> : 0.2607112534056523) (<class '__main__.FineGrainedBucket'> : 0.25707118113021904) (<class '__main__.FineGrainedBucket'> : 0.25391285070156666)
7,7,depth-distinct,simulated_annealing_histogram_last,0.3109913715719147,0.1034893664217357,25,49.35576923076923,11.05048076923077,90.0,33.33333333333333,(<class '__main__.CoarseGrainedBloomBucket'> : 0.42121886757888927) (<class '__main__.FineGrainedBucket'> : 0.23262875948158682) (<class '__main__.FineGrainedBucket'> : 0.22730834033787686) (<class '__main__.FineGrainedBucket'> : 0.21608885540905948) (<class '__main__.FineGrainedBucket'> : 0.2607112534056523) (<class '__main__.FineGrainedBucket'> : 0.25707118113021904) (<class '__main__.FineGrainedBucket'> : 0.25391285070156666)
7,7,depth-distinct,simulated_annealing_histogram_random,0.3109913715719147,0.1034893664217357,25,49.35576923076923,11.05048076923077,90.0,33.33333333333333,(<class '__main__.CoarseGrainedBloomBucket'> : 0.42121886757888927) (<class '__main__.FineGrainedBucket'> : 0.23262875948158682) (<class '__main__.FineGrainedBucket'> : 0.22730834033787686) (<class '__main__.FineGrainedBucket'> : 0.21608885540905948) (<class '__main__.FineGrainedBucket'> : 0.2607112534056523) (<class '__main__.FineGrainedBucket'> : 0.25707118113021904) (<class '__main__.FineGrainedBucket'> : 0.25391285070156666)
7,7,width,greedy_min_error_histogram,0.19253385090082412,0.15383065615108982,19,86.53846153846155,13.132211538461538,60.0,100.0,(<class '__main__.CoarseGrainedBloomBucket'> : 0.02685229880278357) (<class '__main__.FineGrainedBucket'> : 0.15296022707157242) (<class '__main__.FineGrainedBucket'> : 0.3334948138163741) (<class '__main__.FineGrainedBucket'> : 0.2709155084405231) (<class '__main__.FineGrainedBucket'> : 0.21802971092772847) (<class '__main__.CoarseGrainedBloomBucket'> : 0.05634473188480642) (<class '__main__.CoarseGrainedBloomBucket'> : 0.006442514402334299)
7,7,width,greedy_avg_res_histogram,0.3181583856810117,0.14153479668758714,22,75.89423076923076,13.014423076923077,64.0,66.66666666666666,(<class '__main__.CoarseGrainedBloomBucket'> : 0.02685229880278357) (<class '__main__.FineGrainedBucket'> : 0.15296022707157242) (<class '__main__.FineGrainedBucket'> : 0.7483426734149297) (<class '__main__.FineGrainedBucket'> : 0.2709155084405231) (<class '__main__.FineGrainedBucket'> : 0.21802971092772847) (<class '__main__.CoarseGrainedBloomBucket'> : 0.05634473188480642) (<class '__main__.FineGrainedBucket'> : 0.01822218248713032)
7,7,width,simulated_annealing_histogram_first,0.19253385090082412,0.15383065615108982,19,86.53846153846155,13.132211538461538,60.0,100.0,(<class '__main__.CoarseGrainedBloomBucket'> : 0.02685229880278357) (<class '__main__.FineGrainedBucket'> : 0.15296022707157242) (<class '__main__.FineGrainedBucket'> : 0.3334948138163741) (<class '__main__.FineGrainedBucket'> : 0.2709155084405231) (<class '__main__.FineGrainedBucket'> : 0.21802971092772847) (<class '__main__.CoarseGrainedBloomBucket'> : 0.05634473188480642) (<class '__main__.CoarseGrainedBloomBucket'> : 0.006442514402334299)
7,7,width,simulated_annealing_histogram_middle,0.19253385090082412,0.15383065615108982,19,86.53846153846155,13.132211538461538,60.0,100.0,(<class '__main__.CoarseGrainedBloomBucket'> : 0.02685229880278357) (<class '__main__.FineGrainedBucket'> : 0.15296022707157242) (<class '__main__.FineGrainedBucket'> : 0.3334948138163741) (<class '__main__.FineGrainedBucket'> : 0.2709155084405231) (<class '__main__.FineGrainedBucket'> : 0.21802971092772847) (<class '__main__.CoarseGrainedBloomBucket'> : 0.05634473188480642) (<class '__main__.CoarseGrainedBloomBucket'> : 0.006442514402334299)
7,7,width,simulated_annealing_histogram_last,0.19365787674538748,0.1415348669975616,22,75.89423076923076,13.014423076923077,75.0,66.66666666666666,(<class '__main__.FineGrainedBucket'> : 0.06164585461311747) (<class '__main__.FineGrainedBucket'> : 0.15296022707157242) (<class '__main__.FineGrainedBucket'> : 0.3334948138163741) (<class '__main__.FineGrainedBucket'> : 0.2709155084405231) (<class '__main__.FineGrainedBucket'> : 0.21802971092772847) (<class '__main__.CoarseGrainedBloomBucket'> : 0.05634473188480642) (<class '__main__.CoarseGrainedBloomBucket'> : 0.0009824742357031956)
7,7,width,simulated_annealing_histogram_random,0.19388310901365885,0.1415348669975616,22,75.89423076923076,13.014423076923077,75.0,66.66666666666666,(<class '__main__.CoarseGrainedBloomBucket'> : 0.02685229880278357) (<class '__main__.FineGrainedBucket'> : 0.15296022707157242) (<class '__main__.FineGrainedBucket'> : 0.3334948138163741) (<class '__main__.FineGrainedBucket'> : 0.2709155084405231) (<class '__main__.FineGrainedBucket'> : 0.21802971092772847) (<class '__main__.FineGrainedBucket'> : 0.08285471998021444) (<class '__main__.CoarseGrainedBloomBucket'> : 0.0009824742357031956)
8,8,depth-count,greedy_min_error_histogram,0.3298581995420687,0.15088399068983444,26,79.15384615384615,14.3125,90.0,66.66666666666666,(<class '__main__.CoarseGrainedBloomBucket'> : 0.36608213738474615) (<class '__main__.FineGrainedBucket'> : 0.23215279796680108) (<class '__main__.FineGrainedBucket'> : 0.23412854793246518) (<class '__main__.FineGrainedBucket'> : 0.22168740529522035) (<class '__main__.FineGrainedBucket'> : 0.19092141018081854) (<class '__main__.FineGrainedBucket'> : 0.18789415075558405) (<class '__main__.FineGrainedBucket'> : 0.2533293494123845) (<class '__main__.CoarseGrainedBloomBucket'> : 0.37506422134786505)
8,8,depth-count,greedy_avg_res_histogram,0.2715699886274684,0.11283841980403407,29,52.61538461538462,12.348557692307692,94.0,33.33333333333333,(<class '__main__.FineGrainedBucket'> : 0.2728210482354629) (<class '__main__.FineGrainedBucket'> : 0.23215279796680108) (<class '__main__.FineGrainedBucket'> : 0.505398236046881) (<class '__main__.FineGrainedBucket'> : 0.22168740529522035) (<class '__main__.FineGrainedBucket'> : 0.19092141018081854) (<class '__main__.CoarseGrainedBloomBucket'> : 0.3829522312427304) (<class '__main__.FineGrainedBucket'> : 0.2533293494123845) (<class '__main__.FineGrainedBucket'> : 0.2335116344180437)
8,8,depth-count,simulated_annealing_histogram_middle,0.3100526059781097,0.15088399068983444,26,79.15384615384615,14.3125,90.0,66.66666666666666,(<class '__main__.FineGrainedBucket'> : 0.2728210482354629) (<class '__main__.FineGrainedBucket'> : 0.23215279796680108) (<class '__main__.FineGrainedBucket'> : 0.23412854793246518) (<class '__main__.CoarseGrainedBloomBucket'> : 0.3980467231303459) (<class '__main__.FineGrainedBucket'> : 0.19092141018081854) (<class '__main__.FineGrainedBucket'> : 0.18789415075558405) (<class '__main__.FineGrainedBucket'> : 0.2533293494123845) (<class '__main__.CoarseGrainedBloomBucket'> : 0.37506422134786505)
8,8,depth-count,simulated_annealing_histogram_last,0.2568315287516542,0.15088399068983444,26,79.15384615384615,14.3125,90.0,66.66666666666666,(<class '__main__.FineGrainedBucket'> : 0.2728210482354629) (<class '__main__.CoarseGrainedBloomBucket'> : 0.3812616068705042) (<class '__main__.CoarseGrainedBloomBucket'> : 0.37445802823137725) (<class '__main__.FineGrainedBucket'> : 0.22168740529522035) (<class '__main__.FineGrainedBucket'> : 0.19092141018081854) (<class '__main__.FineGrainedBucket'> : 0.18789415075558405) (<class '__main__.FineGrainedBucket'> : 0.2533293494123845) (<class '__main__.FineGrainedBucket'> : 0.2335116344180437)
8,8,depth-distinct,greedy_min_error_histogram,0.3298581995420687,0.15088399068983444,26,79.15384615384615,14.3125,90.0,66.66666666666666,(<class '__main__.CoarseGrainedBloomBucket'> : 0.36608213738474615) (<class '__main__.FineGrainedBucket'> : 0.23215279796680108) (<class '__main__.FineGrainedBucket'> : 0.23412854793246518) (<class '__main__.FineGrainedBucket'> : 0.22168740529522035) (<class '__main__.FineGrainedBucket'> : 0.19092141018081854) (<class '__main__.FineGrainedBucket'> : 0.18789415075558405) (<class '__main__.FineGrainedBucket'> : 0.2533293494123845) (<class '__main__.CoarseGrainedBloomBucket'> : 0.37506422134786505)
8,8,depth-distinct,greedy_avg_res_histogram,0.2715699886274684,0.11283841980403407,29,52.61538461538462,12.348557692307692,94.0,33.33333333333333,(<class '__main__.FineGrainedBucket'> : 0.2728210482354629) (<class '__main__.FineGrainedBucket'> : 0.23215279796680108) (<class '__main__.FineGrainedBucket'> : 0.505398236046881) (<class '__main__.FineGrainedBucket'> : 0.22168740529522035) (<class '__main__.FineGrainedBucket'> : 0.19092141018081854) (<class '__main__.CoarseGrainedBloomBucket'> : 0.3829522312427304) (<class '__main__.FineGrainedBucket'> : 0.2533293494123845) (<class '__main__.FineGrainedBucket'> : 0.2335116344180437)
8,8,depth-distinct,simulated_annealing_histogram_middle,0.2651459291278385,0.15088399068983444,26,79.15384615384615,14.3125,90.0,66.66666666666666,(<class '__main__.FineGrainedBucket'> : 0.2728210482354629) (<class '__main__.FineGrainedBucket'> : 0.23215279796680108) (<class '__main__.FineGrainedBucket'> : 0.23412854793246518) (<class '__main__.FineGrainedBucket'> : 0.22168740529522035) (<class '__main__.CoarseGrainedBloomBucket'> : 0.36595201670026045) (<class '__main__.FineGrainedBucket'> : 0.18789415075558405) (<class '__main__.CoarseGrainedBloomBucket'> : 0.37709990145597067) (<class '__main__.FineGrainedBucket'> : 0.2335116344180437)
8,8,depth-distinct,simulated_annealing_histogram_last,0.28608788122995676,0.15088399068983444,26,79.15384615384615,14.3125,90.0,66.66666666666666,(<class '__main__.CoarseGrainedBloomBucket'> : 0.36608213738474615) (<class '__main__.FineGrainedBucket'> : 0.23215279796680108) (<class '__main__.FineGrainedBucket'> : 0.23412854793246518) (<class '__main__.FineGrainedBucket'> : 0.22168740529522035) (<class '__main__.FineGrainedBucket'> : 0.19092141018081854) (<class '__main__.FineGrainedBucket'> : 0.18789415075558405) (<class '__main__.CoarseGrainedBloomBucket'> : 0.37709990145597067) (<class '__main__.FineGrainedBucket'> : 0.2335116344180437)
8,8,width,greedy_min_error_histogram,0.19147525429462353,0.16317977984336265,23,89.79807692307692,14.430288461538462,75.0,100.0,(<class '__main__.CoarseGrainedBloomBucket'> : 0.024134274874861607) (<class '__main__.CoarseGrainedBloomBucket'> : 0.05353488411109938) (<class '__main__.FineGrainedBucket'> : 0.31856598749000925) (<class '__main__.FineGrainedBucket'> : 0.29082385381287834) (<class '__main__.FineGrainedBucket'> : 0.26223475046655786) (<class '__main__.FineGrainedBucket'> : 0.17551799951961522) (<class '__main__.FineGrainedBucket'> : 0.06483056124446493) (<class '__main__.CoarseGrainedBloomBucket'> : 0.003786942667138084)
8,8,width,greedy_avg_res_histogram,0.28361150358799864,0.15088385006988558,26,79.15384615384615,14.3125,68.0,66.66666666666666,(<class '__main__.FineGrainedBucket'> : 0.13218469488566495) (<class '__main__.FineGrainedBucket'> : 0.08615739464776768) (<class '__main__.FineGrainedBucket'> : 0.31856598749000925) (<class '__main__.FineGrainedBucket'> : 0.6457191416481652) (<class '__main__.FineGrainedBucket'> : 0.26223475046655786) (<class '__main__.FineGrainedBucket'> : 0.17551799951961522) (<class '__main__.CoarseGrainedBloomBucket'> : 0.024019730920861907) (<class '__main__.CoarseGrainedBloomBucket'> : 0.0)
8,8,width,simulated_annealing_histogram_middle,0.19147525429462353,0.16317977984336265,23,89.79807692307692,14.430288461538462,75.0,100.0,(<class '__main__.CoarseGrainedBloomBucket'> : 0.024134274874861607) (<class '__main__.CoarseGrainedBloomBucket'> : 0.05353488411109938) (<class '__main__.FineGrainedBucket'> : 0.31856598749000925) (<class '__main__.FineGrainedBucket'> : 0.29082385381287834) (<class '__main__.FineGrainedBucket'> : 0.26223475046655786) (<class '__main__.FineGrainedBucket'> : 0.17551799951961522) (<class '__main__.FineGrainedBucket'> : 0.06483056124446493) (<class '__main__.CoarseGrainedBloomBucket'> : 0.003786942667138084)
8,8,width,simulated_annealing_histogram_last,0.19142771751749785,0.16317977984336265,23,89.79807692307692,14.430288461538462,75.0,100.0,(<class '__main__.FineGrainedBucket'> : 0.06374089437373186) (<class '__main__.CoarseGrainedBloomBucket'> : 0.05353488411109938) (<class '__main__.FineGrainedBucket'> : 0.31856598749000925) (<class '__main__.FineGrainedBucket'> : 0.29082385381287834) (<class '__main__.FineGrainedBucket'> : 0.26223475046655786) (<class '__main__.FineGrainedBucket'> : 0.17551799951961522) (<class '__main__.CoarseGrainedBloomBucket'> : 0.024019730920861907) (<class '__main__.CoarseGrainedBloomBucket'> : 0.003786942667138084)
8,8,width,simulated_annealing_histogram_random,0.19142771751749785,0.16317977984336265,23,89.79807692307692,14.430288461538462,75.0,100.0,(<class '__main__.FineGrainedBucket'> : 0.06374089437373186) (<class '__main__.CoarseGrainedBloomBucket'> : 0.05353488411109938) (<class '__main__.FineGrainedBucket'> : 0.31856598749000925) (<class '__main__.FineGrainedBucket'> : 0.29082385381287834) (<class '__main__.FineGrainedBucket'> : 0.26223475046655786) (<class '__main__.FineGrainedBucket'> : 0.17551799951961522) (<class '__main__.CoarseGrainedBloomBucket'> : 0.024019730920861907) (<class '__main__.CoarseGrainedBloomBucket'> : 0.003786942667138084)
